post_slug,post_title,item_0_title,item_0_desc,item_1_title,item_1_desc,item_2_title,item_2_desc
expert-comptable-btp,Expert Comptable BTP : Audit Gratuit & Optimisation | Keobiz,Choisir le bon statut pour optimiser vos revenus,"Audit de votre situation (Micro, SASU, EURL) | Prise en charge de vos formalitÃ©s de crÃ©ation | Conseil en optimisation (salaire vs. dividendes)",MaÃ®triser la TVA BTP et vos charges rÃ©elles,"Expertise sur la TVA (5.5%, 10%, autoliquidation) | Outil de scan de vos factures d'achat (matÃ©riaux, outils) | Calcul et optimisation de vos frais de dÃ©placement",Gagner du temps et sÃ©curiser vos chantiers,Un expert dÃ©diÃ© qui connaÃ®t les galÃ¨res du bÃ¢timent | Synchronisation bancaire automatique | Dossier certifiÃ© en cas de contrÃ´le URSSAF
expert-comptable-industrie,Expert Comptable Industrie : Optimisez Coûts & Trésorerie | Keobiz,Choisir le bon statut pour optimiser vos revenus,Audit de votre structure juridique | Prise en charge de vos formalitÃ©s de crÃ©ation | Conseil en optimisation des amortissements machine,MaÃ®triser vos coÃ»ts et vos charges rÃ©elles,Expertise sur la TVA et les en-cours | Outil de scan de vos factures matiÃ¨res premiÃ¨res | Optimisation des dispositifs CIR / CII,Gagner du temps et piloter votre production,Un expert dÃ©diÃ© qui connaÃ®t l'industrie | Synchronisation bancaire automatique | Tableaux de bord de marge en temps rÃ©el
expert-comptable-informatique,Expert Comptable Informatique : Automatisation & Conseil | Keobiz,Choisir le bon statut pour optimiser vos revenus,"Audit de votre situation (Micro, SASU, EURL) | Prise en charge de vos formalitÃ©s de crÃ©ation | Conseil en optimisation (salaire vs. dividendes)",Optimiser vos charges rÃ©elles et maÃ®triser la TVA,"Expertise sur la rÃ©cupÃ©ration de TVA (matÃ©riel, SaaS) | Outil de scan de vos notes de frais via mobile | Calcul et optimisation de vos frais kilomÃ©triques",Gagner du temps et piloter votre activitÃ©,Un expert-comptable dÃ©diÃ© qui connaÃ®t la Tech | Synchronisation bancaire automatique | Tableaux de bord simples et en temps rÃ©el
expert-comptable-e-commerce,"Expert-Comptable E-commerce : Spécialiste Shopify, Amazon & Dropshipping | Keobiz",Piloter votre marge et vos stocks,Suivi mensuel de votre marge brute | Gestion des stocks et des inventaires | Tableau de bord de rentabilitÃ© en temps rÃ©el,Automatiser votre flux de ventes,"Connexion API avec Shopify, WooCommerce, Amazon | Gestion experte de la TVA OSS/IOSS | Scan instantanÃ© des factures fournisseurs",SÃ©curiser votre croissance,Conseil en passage en sociÃ©tÃ© / holding | Expert dÃ©diÃ© au digital et Ã  la vente en ligne | SÃ©rÃ©nitÃ© totale en cas de contrÃ´le URSSAF
expert-comptable-artisan,Expert-Comptable Artisan : Compta Simplifiée & Optimisée | Keobiz,Choisir le bon statut pour optimiser vos revenus,"Audit de votre situation (Micro, SASU, EURL) | Prise en charge de vos formalitÃ©s de crÃ©ation | Conseil en optimisation (salaire vs. dividendes)",MaÃ®triser la TVA BTP et vos charges rÃ©elles,"Expertise sur la TVA (5.5%, 10%, autoliquidation) | Outil de scan de vos factures d'achat (matÃ©riaux, outils) | Calcul et optimisation de vos frais de dÃ©placement",Gagner du temps et sÃ©curiser vos chantiers,Un expert dÃ©diÃ© qui connaÃ®t les galÃ¨res du bÃ¢timent | Synchronisation bancaire automatique | Dossier certifiÃ© en cas de contrÃ´le URSSAF
expert-comptable-plombier,"Expert-Comptable Plombier : Bilan, TVA & Optimisation | Keobiz",Choisir le bon statut pour optimiser vos revenus,"Audit de votre situation (Micro, SASU, EURL) | Prise en charge de vos formalitÃ©s de crÃ©ation | Conseil en optimisation (salaire vs. dividendes)",MaÃ®triser la TVA BTP et vos charges rÃ©elles,"Expertise sur la TVA (5.5%, 10%, autoliquidation) | Outil de scan de vos factures d'achat | Calcul et optimisation de vos frais de dÃ©placement",Gagner du temps et sÃ©curiser vos chantiers,Un expert dÃ©diÃ© qui connaÃ®t les galÃ¨res du bÃ¢timent | Synchronisation bancaire automatique | Dossier certifiÃ© en cas de contrÃ´le URSSAF
expert-comptable-sage-femme-liberale,Expert-Comptable Sage-Femme Libérale : Gestion & Optimisation | Keobiz,SÃ©curiser votre dÃ©claration 2035,TÃ©lÃ©transmission automatique de vos liasses | Audit de vos recettes (relevÃ©s SNIR/CPAM) | ZÃ©ro stress pour vos Ã©chÃ©ances fiscales,Optimiser vos charges et cotisations sociales,"Anticipation des rÃ©gularisations (CARCDSF) | DÃ©duction des frais (blanchissage, repas, local) | Arbitrage frais kilomÃ©triques vs vÃ©hicule pro",Se libÃ©rer du temps pour vos patientes,ComptabilitÃ© 100% digitalisÃ©e via application | Conseiller personnel joignable sous 48h | Gestion des rÃ©trocessions remplaÃ§ants
expert-comptable-presse,Expert-Comptable Presse & Journalistes | Audit Gratuit - Keobiz,Gain de temps : +8h / mois,Automatisation complÃ¨te de votre saisie comptable | Tableaux de bord en temps rÃ©el pour piloter sereinement | Gagnez 10h par mois rÃ©investies dans votre activitÃ©,SÃ©curitÃ© Fiscale Garantie,SpÃ©cialiste de votre secteur et de vos problÃ©matiques | Conseil stratÃ©gique au-delÃ  du simple bilan | Interlocuteur dÃ©diÃ© qui comprend votre mÃ©tier,Ãconomies OptimisÃ©es,SpÃ©cialiste de votre secteur et de vos problÃ©matiques | Conseil stratÃ©gique au-delÃ  du simple bilan | Interlocuteur dÃ©diÃ© qui comprend votre mÃ©tier
expert-comptable-artiste,Expert Comptable Artiste : Audit Fiscal Gratuit & Gestion Simplifiée,Choisir le bon statut pour optimiser vos revenus,"Audit de votre situation (Micro, SASU, EURL) | Prise en charge de vos formalitÃ©s de crÃ©ation | Conseil en optimisation (salaire vs. dividendes)",Optimiser vos charges rÃ©elles et maÃ®triser la TVA,"Expertise sur la rÃ©cupÃ©ration de TVA (matÃ©riel, frais) | Outil de scan de vos notes de frais via mobile | Calcul et optimisation de vos frais kilomÃ©triques",Gagner du temps et piloter votre activitÃ©,Un expert-comptable dÃ©diÃ© qui connaÃ®t votre secteur | Synchronisation bancaire automatique | Tableaux de bord simples et en temps rÃ©el
expert-comptable-traiteur,Expert-Comptable pour Traiteur : Optimisez vos Marges | Keobiz,Piloter votre marge et vos stocks,Suivi mensuel de votre marge brute (Food Cost) | Analyse de la dÃ©marque et des invendus | Tableau de bord de rentabilitÃ© en temps rÃ©el,Automatiser votre flux de caisse,Connexion API avec votre logiciel de caisse | Gestion experte de la TVA multi-taux (rÃ©ceptions) | Scan instantanÃ© des factures fournisseurs,Simplifier la gestion de vos salariÃ©s,"Ãdition des paies (extras, saisonniers, apprentis) | Respect de la convention collective sectorielle | SÃ©rÃ©nitÃ© totale en cas de contrÃ´le URSSAF"
expert-comptable-graphiste-freelance,Expert-Comptable pour Graphiste Freelance : Devis Gratuit | Keobiz,Choisir le bon statut pour optimiser vos revenus,"Audit de votre situation (Artiste-Auteur, Micro, SASU) | Prise en charge de vos formalitÃ©s de crÃ©ation | Conseil en optimisation des droits d'auteur",Optimiser vos charges rÃ©elles et maÃ®triser la TVA,Expertise sur la rÃ©cupÃ©ration de TVA (matÃ©riel graphique) | Outil de scan de vos notes de frais via mobile | Optimisation des frais de home-office,Gagner du temps et piloter votre activitÃ©,Un expert-comptable dÃ©diÃ© qui connaÃ®t les crÃ©atifs | Synchronisation bancaire automatique | Tableaux de bord simples et en temps rÃ©el
expert-comptable-bar,Expert Comptable Bar & Café | Spécialiste CHR - Keobiz,Piloter votre marge et vos stocks,Suivi mensuel de votre marge brute (Food Cost) | Analyse de la dÃ©marque et des invendus | Tableau de bord de rentabilitÃ© en temps rÃ©el,Automatiser votre flux de caisse,"Connexion API avec votre logiciel de caisse | Gestion experte de la TVA multi-taux (alcool, service) | Scan instantanÃ© des factures fournisseurs",Simplifier la gestion de vos salariÃ©s,"Ãdition des paies (extras, saisonniers, apprentis) | Respect de la convention collective sectorielle | Protection juridique en cas de contrÃ´le URSSAF"
expert-comptable-coiffeur,Expert Comptable Coiffeur : Spécialiste Salons & Domicile | Keobiz,Piloter votre marge et vos stocks,Suivi mensuel de votre marge brute | Analyse de la dÃ©marque et des produits | Tableau de bord de rentabilitÃ© en temps rÃ©el,Automatiser votre flux de caisse,Connexion API avec votre logiciel de caisse | Gestion experte de la TVA | Scan instantanÃ© des factures fournisseurs,Simplifier la gestion de vos salariÃ©s,Ãdition des paies | Respect de la convention collective coiffure | SÃ©rÃ©nitÃ© totale en cas de contrÃ´le URSSAF
expert-comptable-boulangerie,Expert Comptable Boulangerie : Optimisez vos Marges & Gagnez du Temps,Piloter votre marge et vos stocks,Suivi mensuel de votre marge brute (Food Cost) | Analyse de la dÃ©marque et des invendus | Tableau de bord de rentabilitÃ© en temps rÃ©el,Automatiser votre flux de caisse,Connexion API avec votre logiciel de caisse | Gestion experte de la TVA multi-taux | Scan instantanÃ© des factures fournisseurs,Simplifier la gestion de vos salariÃ©s,"Ãdition des paies (extras, saisonniers, apprentis) | Respect de la convention collective sectorielle | Protection juridique en cas de contrÃ´le URSSAF"
expert-comptable-charpentier,Expert-Comptable Charpentier | Keobiz - Audit & Devis Gratuit,Choisir le bon statut pour optimiser vos revenus,"Audit de votre situation (Micro, SASU, EURL) | Prise en charge de vos formalitÃ©s de crÃ©ation | Conseil en optimisation (salaire vs. dividendes)",MaÃ®triser la TVA BTP et vos charges rÃ©elles,"Expertise sur la TVA (5.5%, 10%, autoliquidation) | Outil de scan de vos factures d'achat (matÃ©riaux, outils) | Calcul et optimisation de vos frais de dÃ©placement",Gagner du temps et sÃ©curiser vos chantiers,Un expert dÃ©diÃ© qui connaÃ®t les galÃ¨res du bÃ¢timent | Synchronisation bancaire automatique | Dossier certifiÃ© en cas de contrÃ´le URSSAF
expert-comptable-esn,Expert Comptable ESN & Freelance IT - Keobiz | Devis Gratuit,Choisir le bon statut pour optimiser vos revenus,"Audit de votre situation (SAS, SARL, Holding) | Prise en charge de vos formalitÃ©s juridiques | Conseil en optimisation de la masse salariale",Optimiser vos charges et maÃ®triser la TVA,Expertise sur la TVA intracommunautaire | Outil de scan de vos notes de frais via mobile | Optimisation des dispositifs CIR / CII,Gagner du temps et piloter vos missions,Un expert-comptable dÃ©diÃ© qui connaÃ®t la Tech | Synchronisation bancaire automatique | Tableaux de bord de trÃ©sorerie en temps rÃ©el
expert-comptable-bureau-d'étude,Expert-Comptable Bureau d'Étude : Optimisation & Conformité | Keobiz,Choisir le bon statut pour optimiser vos revenus,"Audit de votre situation (SAS, EURL, SEL) | Prise en charge de vos formalitÃ©s de crÃ©ation | Conseil en optimisation (salaire vs. dividendes)",Optimiser vos charges rÃ©elles et maÃ®triser la TVA,"Expertise sur la rÃ©cupÃ©ration de TVA (logiciels, matÃ©riel) | Outil de scan de vos notes de frais via mobile | Calcul et optimisation de vos frais de dÃ©placement",Gagner du temps et piloter votre activitÃ©,Un expert-comptable dÃ©diÃ© qui connaÃ®t l'ingÃ©nierie | Synchronisation bancaire automatique | Tableaux de bord simples et en temps rÃ©el
expert-comptable-sci,"Expert-Comptable SCI : Bilan, Liasse 2072 & Conseils | Keobiz",Optimiser votre fiscalitÃ© immobiliÃ¨re,Calcul expert de l'amortissement (SCI Ã  l'IS) | Arbitrage IS vs IR pour votre patrimoine | CrÃ©ation de dÃ©ficit reportable,SÃ©curiser votre gestion juridique,Liasse fiscale (2072 ou 2065) certifiÃ©e | RÃ©daction des PV d'AssemblÃ©es GÃ©nÃ©rales | Assistance en cas de contrÃ´le de l'administration,Gagner en simplicitÃ© administrative,Synchronisation automatique des relevÃ©s bancaires | Gestion des appels de charges et travaux | Dossier prÃªt pour vos futurs emprunts
expert-comptable-agence-immobilière,Expert Comptable Agence Immobilière : Audit Gratuit | Keobiz,Gommer votre impÃ´t locatif et pro,Calcul expert de l'amortissement par composants | CrÃ©ation de dÃ©ficit reportable pour zÃ©ro impÃ´t | Passage du Micro-BIC au RÃ©el simplifiÃ©,SÃ©curiser votre patrimoine,"Liasse fiscale (2072 ou 2065) certifiÃ©e par l'Ordre | Conseil en structuration (SCI Ã  l'IS vs IR, Holding) | Assistance en cas de questions de l'administration",Gagner en simplicitÃ© administrative,Synchronisation automatique des relevÃ©s bancaires | Gestion des appels de charges et travaux | Dossier prÃªt pour vos futurs emprunts bancaires
expert-comptable-menuisier,"Expert-comptable Menuisier : Gérez Moins, Gagnez Plus | Keobiz",Choisir le bon statut pour optimiser vos revenus,"Audit de votre situation (Micro, SASU, EURL) | Prise en charge de vos formalitÃ©s de crÃ©ation | Conseil en optimisation (salaire vs. dividendes)",MaÃ®triser la TVA BTP et vos charges rÃ©elles,"Expertise sur la TVA (5.5%, 10%, autoliquidation) | Outil de scan de vos factures d'achat (bois, outils) | Calcul et optimisation de vos frais de dÃ©placement",Gagner du temps et sÃ©curiser vos chantiers,Un expert dÃ©diÃ© qui connaÃ®t les galÃ¨res du bÃ¢timent | Synchronisation bancaire automatique | Dossier certifiÃ© en cas de contrÃ´le URSSAF
expert-comptable-formateur,Formation Gestion & Compta par Expert-Comptable Formateur | Keobiz,Piloter votre marge et vos stocks,Suivi mensuel de votre marge brute (Food Cost) | Analyse de la dÃ©marque et des invendus | Tableau de bord de rentabilitÃ© en temps rÃ©el,Automatiser votre flux de caisse,Connexion API avec votre logiciel de caisse | Gestion experte de la TVA multi-taux (rÃ©ceptions) | Scan instantanÃ© des factures fournisseurs,Simplifier la gestion de vos salariÃ©s,"Ãdition des paies (extras, saisonniers, apprentis) | Respect de la convention collective sectorielle | SÃ©rÃ©nitÃ© totale en cas de contrÃ´le URSSAF"
expert-comptable-services-aux-entreprises,Expert Comptable Services aux Entreprises : Devis Gratuit | Keobiz,Choisir le bon statut pour optimiser vos revenus,"Audit de votre situation (Micro, SASU, EURL) | Prise en charge de vos formalitÃ©s de crÃ©ation | Conseil en optimisation (salaire vs. dividendes)",Optimiser vos charges rÃ©elles et maÃ®triser la TVA,"Expertise sur la rÃ©cupÃ©ration de TVA (matÃ©riel, frais) | Outil de scan de vos notes de frais via mobile | Calcul et optimisation de vos frais kilomÃ©triques",Gagner du temps et piloter votre activitÃ©,Un expert-comptable dÃ©diÃ© qui connaÃ®t votre secteur | Synchronisation bancaire automatique | Tableaux de bord simples et en temps rÃ©el
expert-comptable-menuisier,Expert-Comptable Menuisier : Comptabilité & Fiscalité Simplifiées | Keobiz,Choisir le bon statut pour optimiser vos revenus,"Audit de votre situation (Micro, SASU, EURL) | Prise en charge de vos formalitÃ©s de crÃ©ation | Conseil en optimisation (salaire vs. dividendes)",MaÃ®triser la TVA BTP et vos charges rÃ©elles,"Expertise sur la TVA (5.5%, 10%, autoliquidation) | Outil de scan de vos factures d'achat (bois, outils) | Calcul et optimisation de vos frais de dÃ©placement",Gagner du temps et sÃ©curiser vos chantiers,Un expert dÃ©diÃ© qui connaÃ®t les galÃ¨res du bÃ¢timent | Synchronisation bancaire automatique | Dossier certifiÃ© en cas de contrÃ´le URSSAF
expert-comptable-entreprise-de-nettoyage,Expert Comptable Entreprise de Nettoyage : Devis & Audit Gratuit | Keobiz,Choisir le bon statut pour optimiser vos revenus,Audit de votre situation fiscale | Prise en charge de vos formalitÃ©s de crÃ©ation | Conseil en optimisation (salaire vs. dividendes),MaÃ®triser vos charges et vos paies,Ãdition des paies conformes Ã  la convention | Outil de scan de vos factures de produits | Optimisation de vos frais de dÃ©placement,Gagner du temps et sÃ©curiser vos chantiers,Un expert dÃ©diÃ© qui connaÃ®t vos contraintes | Synchronisation bancaire automatique | Dossier certifiÃ© en cas de contrÃ´le URSSAF
expert-comptable-plomberie,Expert-Comptable Plomberie : Spécialiste Artisans | Keobiz,Choisir le bon statut pour optimiser vos revenus,"Audit de votre situation (Micro, SASU, EURL) | Prise en charge de vos formalitÃ©s de crÃ©ation | Conseil en optimisation (salaire vs. dividendes)",MaÃ®triser la TVA BTP et vos charges rÃ©elles,"Expertise sur la TVA (5.5%, 10%, autoliquidation) | Outil de scan de vos factures d'achat (matÃ©riaux, outils) | Calcul et optimisation de vos frais de dÃ©placement",Gagner du temps et sÃ©curiser vos chantiers,Un expert dÃ©diÃ© qui connaÃ®t les galÃ¨res du bÃ¢timent | Synchronisation bancaire automatique | Dossier certifiÃ© en cas de contrÃ´le URSSAF
expert-comptable-gestion-de-patrimoine,Expert Comptable Gestion de Patrimoine : Audit Gratuit | Keobiz,Optimiser votre fiscalitÃ© immobiliÃ¨re et pro,"Calcul expert de l'amortissement par composants | CrÃ©ation de dÃ©ficit reportable pour zÃ©ro impÃ´t | Optimisation des montages (SCI, LMNP, Holding)",SÃ©curiser votre patrimoine financier,Liasse fiscale certifiÃ©e par l'Ordre | Conseil en structuration (IS vs IR) | Assistance en cas de contrÃ´le de l'administration,Gagner en simplicitÃ© et vision globale,Synchronisation automatique des relevÃ©s bancaires | Tableaux de bord de suivi de performance | Dossier prÃªt pour vos futurs investissements
expert-comptable-services-aux-entreprises,Expert comptable services aux entreprises : Devis gratuit | Keobiz,Choisir le bon statut pour optimiser vos revenus,"Audit de votre situation (Micro, SASU, EURL) | Prise en charge de vos formalitÃ©s de crÃ©ation | Conseil en optimisation (salaire vs. dividendes)",Optimiser vos charges rÃ©elles et maÃ®triser la TVA,"Expertise sur la rÃ©cupÃ©ration de TVA (matÃ©riel, frais) | Outil de scan de vos notes de frais via mobile | Calcul et optimisation de vos frais kilomÃ©triques",Gagner du temps et piloter votre activitÃ©,Un expert-comptable dÃ©diÃ© qui connaÃ®t votre secteur | Synchronisation bancaire automatique | Tableaux de bord simples et en temps rÃ©el
expert-comptable-developpeur-freelance,Expert-Comptable & Développeur Freelance : Compta Automatisée & Sûre,Choisir le bon statut pour optimiser vos revenus,"Audit de votre situation (Micro, SASU, EURL) | Prise en charge de vos formalitÃ©s de crÃ©ation | Conseil en optimisation (salaire vs. dividendes)",Optimiser vos charges rÃ©elles et maÃ®triser la TVA,"Expertise sur la rÃ©cupÃ©ration de TVA (ordinateur, serveurs) | Outil de scan de vos notes de frais via mobile | Optimisation des frais de home-office",Gagner du temps et piloter votre activitÃ©,Un expert-comptable dÃ©diÃ© qui connaÃ®t l'IT | Synchronisation bancaire automatique | Tableaux de bord simples et en temps rÃ©el
expert-comptable-électricien,Expert comptable électricien : Spécialiste BTP & Artisans | Keobiz,Choisir le bon statut pour optimiser vos revenus,"Audit de votre situation (Micro, SASU, EURL) | Prise en charge de vos formalitÃ©s de crÃ©ation | Conseil en optimisation (salaire vs. dividendes)",MaÃ®triser la TVA BTP et vos charges rÃ©elles,"Expertise sur la TVA (5.5%, 10%, autoliquidation) | Outil de scan de vos factures d'achat | Calcul et optimisation de vos frais de dÃ©placement",Gagner du temps et sÃ©curiser vos chantiers,Un expert dÃ©diÃ© qui connaÃ®t les galÃ¨res du bÃ¢timent | Synchronisation bancaire automatique | Dossier certifiÃ© en cas de contrÃ´le URSSAF
expert-comptable-commerce-de-gros,Expert-comptable Commerce de Gros : +10% Rentabilité & -20h Admin | Keobiz,Piloter votre marge et vos stocks,Suivi des flux import/export | Analyse de la rotation des stocks | Tableau de bord de rentabilitÃ© en temps rÃ©el,Automatiser votre gestion comptable,Synchronisation bancaire automatique | Gestion experte de la TVA intracommunautaire | Scan instantanÃ© des factures d'achat,Simplifier la gestion de vos salariÃ©s,Ãdition des paies | Respect de la convention collective du nÃ©goce | Protection juridique en cas de contrÃ´le URSSAF
expert-comptable-enseignement,Expert-Comptable Enseignement & Formation : Sérénité Fiscale | Keobiz,Choisir le bon statut pour optimiser vos revenus,"Audit de votre situation (BNC, SASU, EURL) | Prise en charge des formalitÃ©s Qualiopi/compta | Conseil en optimisation fiscale",Optimiser vos charges et maÃ®triser la TVA,Expertise sur l'exonÃ©ration de TVA formation | Outil de scan de vos notes de frais via mobile | Calcul et optimisation de vos frais de dÃ©placement,Gagner du temps et piloter votre activitÃ©,Un expert-comptable dÃ©diÃ© qui connaÃ®t le secteur | Synchronisation bancaire automatique | Tableaux de bord de rentabilitÃ© simples
expert-comptable-courtier-en-assurance,Expert Comptable & Courtier en Assurance : Audit Gratuit | Keobiz,Choisir le bon statut pour optimiser vos revenus,Audit de votre situation fiscale | Prise en charge des formalitÃ©s de crÃ©ation | Conseil en optimisation des commissions,Optimiser vos charges rÃ©elles et maÃ®triser la TVA,Expertise sur la rÃ©cupÃ©ration de TVA | Outil de scan de vos notes de frais | Calcul et optimisation de vos frais de dÃ©placement,Gagner du temps et piloter votre activitÃ©,Un expert-comptable dÃ©diÃ© qui connaÃ®t le mÃ©tier | Synchronisation bancaire automatique | Tableaux de bord simples et en temps rÃ©el
expert-comptable-dropshipping,Expert Comptable Dropshipping : Conformité TVA & Optimisation - Keobiz,MaÃ®triser la TVA internationale (OSS/IOSS),Gestion des ventes hors UE | Audit des dÃ©clarations de TVA multi-pays | ConformitÃ© douaniÃ¨re simplifiÃ©e,Automatiser vos flux e-commerce,"Connexion avec Shopify, Amazon, Stripe | RÃ©cupÃ©ration automatique des factures publicitaires | Scan instantanÃ© des frais de gestion",Piloter votre rentabilitÃ© rÃ©elle,Suivi de votre marge nette aprÃ¨s frais publicitaires | Expert dÃ©diÃ© au commerce en ligne | Conseil en structuration fiscale internationale
expert-comptable-automobile,Expert Comptable Automobile : Spécialiste Garage & Vente | Keobiz,MaÃ®triser la TVA sur marge et vos stocks,Audit de vos ventes VO/VN | Optimisation des stocks de piÃ¨ces dÃ©tachÃ©es | Gestion experte de la TVA spÃ©cifique auto,Gagner du temps sur votre administratif,Outil de scan de vos factures fournisseurs | Synchronisation bancaire automatique | Gestion des paies et cotisations sociales,SÃ©curiser votre rentabilitÃ©,Expert dÃ©diÃ© Ã  l'univers automobile | Dossier certifiÃ© pour vos partenaires bancaires | Tableaux de bord de pilotage en temps rÃ©el
expert-comptable-agent-commercial-:-optimisez-votre-fiscalité,Expert Comptable Agent Commercial : Optimisez votre Fiscalité | Keobiz,Choisir le bon statut pour optimiser vos revenus,"Audit de votre situation (Micro, SASU, EURL) | Prise en charge de vos formalitÃ©s de crÃ©ation | Conseil en optimisation (salaire vs. dividendes)",Optimiser vos charges rÃ©elles et maÃ®triser la TVA,"Expertise sur la rÃ©cupÃ©ration de TVA (matÃ©riel, frais) | Outil de scan de vos notes de frais via mobile | Calcul et optimisation de vos frais kilomÃ©triques",Gagner du temps et piloter votre activitÃ©,Un expert-comptable dÃ©diÃ© qui connaÃ®t votre secteur | Synchronisation bancaire automatique | Tableaux de bord simples et en temps rÃ©el
expert-comptable-holding,Expert-Comptable Holding : Audit Gratuit & Optimisation Fiscale | Keobiz,Optimiser les flux entre vos sociÃ©tÃ©s,Gestion des remontÃ©es de dividendes | Optimisation du rÃ©gime mÃ¨re-fille | Mise en place de l'intÃ©gration fiscale,SÃ©curiser votre structure juridique,RÃ©daction des PV d'AssemblÃ©es GÃ©nÃ©rales | Liasse fiscale consolidÃ©e certifiÃ©e | Assistance en cas de contrÃ´le de l'administration,Piloter votre stratÃ©gie patrimoniale,Vision globale de votre trÃ©sorerie de groupe | Expert dÃ©diÃ© aux montages complexes | Dossier prÃªt pour vos futurs rÃ©investissements
expert-comptable-consultant,Expert Comptable Consultant : Optimisation & Gestion pour Indépendants | Keobiz,Choisir le bon statut pour optimiser vos revenus,"Audit de votre situation (Micro, SASU, EURL) | Prise en charge de vos formalitÃ©s de crÃ©ation | Conseil en optimisation (salaire vs. dividendes)",Optimiser vos charges rÃ©elles et maÃ®triser la TVA,Expertise sur la rÃ©cupÃ©ration de TVA (frais pro) | Outil de scan de vos notes de frais via mobile | Calcul et optimisation de vos frais kilomÃ©triques,Gagner du temps et piloter votre activitÃ©,Un expert-comptable dÃ©diÃ© qui connaÃ®t le conseil | Synchronisation bancaire automatique | Tableaux de bord simples et en temps rÃ©el
expert-comptable-serrurier,Expert Comptable Serrurier : Devis & Diagnostic Gratuit | Keobiz,Choisir le bon statut pour optimiser vos revenus,"Audit de votre situation (Micro, SASU, EURL) | Prise en charge de vos formalitÃ©s de crÃ©ation | Conseil en optimisation (salaire vs. dividendes)",MaÃ®triser la TVA BTP et vos charges rÃ©elles,"Expertise sur la TVA (5.5%, 10%, autoliquidation) | Outil de scan de vos factures d'achat | Calcul et optimisation de vos frais de dÃ©placement",Gagner du temps et sÃ©curiser vos chantiers,Un expert dÃ©diÃ© qui connaÃ®t les galÃ¨res du bÃ¢timent | Synchronisation bancaire automatique | Dossier certifiÃ© en cas de contrÃ´le URSSAF
expert-comptable-epicerie,Expert-Comptable Épicerie : Comptabilité & TVA Simplifiées | Keobiz,Piloter votre marge et vos stocks,Suivi mensuel de votre marge brute | Analyse de la dÃ©marque et des invendus | Tableau de bord de rentabilitÃ© en temps rÃ©el,Automatiser votre flux de caisse,Connexion API avec votre logiciel de caisse | Gestion experte de la TVA multi-taux | Scan instantanÃ© des factures fournisseurs,Simplifier la gestion de vos salariÃ©s,"Ãdition des paies (vendeurs, apprentis) | Respect de la convention collective | SÃ©rÃ©nitÃ© totale en cas de contrÃ´le URSSAF"
expert-comptable-commerce,Expert Comptable Commerce : Compta Simplifiée & Audit Gratuit | Keobiz,Piloter votre marge et vos stocks,Suivi mensuel de votre marge brute | Analyse de la dÃ©marque et des invendus | Tableau de bord de rentabilitÃ© en temps rÃ©el,Automatiser votre flux de caisse,Connexion API avec votre logiciel de caisse | Gestion experte de la TVA | Scan instantanÃ© des factures fournisseurs,Simplifier la gestion de vos salariÃ©s,Ãdition des paies | Respect de la convention collective sectorielle | Protection juridique en cas de contrÃ´le URSSAF
expert-comptable-boucherie-charcuterie,Expert-Comptable Boucherie Charcuterie - Optimisez vos Marges | Keobiz,Piloter votre marge et vos stocks,Suivi mensuel de votre marge brute (Food Cost) | Analyse de la dÃ©marque et des invendus | Tableau de bord de rentabilitÃ© en temps rÃ©el,Automatiser votre flux de caisse,"Connexion API avec votre logiciel de caisse | Gestion experte de la TVA multi-taux (viande, traiteur) | Scan instantanÃ© des factures fournisseurs",Simplifier la gestion de vos salariÃ©s,"Ãdition des paies (extras, saisonniers, apprentis) | Respect de la convention collective sectorielle | Protection juridique en cas de contrÃ´le URSSAF"
expert-comptable-medecin-liberal,Expert-Comptable Médecin Libéral : Optimisation Fiscale & Sérénité | Keobiz,SÃ©curiser votre dÃ©claration 2035,TÃ©lÃ©transmission automatique de vos liasses | Audit de vos recettes (relevÃ©s SNIR/CPAM) | ZÃ©ro stress pour vos Ã©chÃ©ances fiscales,Optimiser vos charges et cotisations sociales,"Anticipation des rÃ©gularisations (CARMF) | DÃ©duction des frais (blanchissage, repas, local) | Arbitrage frais kilomÃ©triques vs vÃ©hicule pro",Se libÃ©rer du temps pour vos patients,ComptabilitÃ© 100% digitalisÃ©e via application | Conseiller personnel joignable sous 48h | Gestion des rÃ©trocessions remplaÃ§ants
expert-comptable-pour-freelance,Expert Comptable pour Freelance : Devis & Diagnostic Gratuit | Keobiz,Choisir le bon statut pour optimiser vos revenus,"Audit de votre situation (Micro, SASU, EURL) | Prise en charge de vos formalitÃ©s de crÃ©ation | Conseil en optimisation (salaire vs. dividendes)",Optimiser vos charges rÃ©elles et maÃ®triser la TVA,"Expertise sur la rÃ©cupÃ©ration de TVA (matÃ©riel, frais) | Outil de scan de vos notes de frais via mobile | Calcul et optimisation de vos frais kilomÃ©triques",Gagner du temps et piloter votre activitÃ©,Un expert-comptable dÃ©diÃ© qui connaÃ®t votre secteur | Synchronisation bancaire automatique | Tableaux de bord simples et en temps rÃ©el
expert-comptable-fleuriste,Expert Comptable Fleuriste : Gestion & Fiscalité sur-mesure | Keobiz,Piloter votre marge et vos stocks,Suivi mensuel de votre marge brute | Analyse de la dÃ©marque (fleurs pÃ©rissables) | Tableau de bord de rentabilitÃ© en temps rÃ©el,Automatiser votre flux de caisse,Connexion API avec votre logiciel de caisse | Gestion experte de la TVA multi-taux | Scan instantanÃ© des factures fournisseurs,Simplifier la gestion de vos salariÃ©s,"Ãdition des paies (extras fÃªtes, apprentis) | Respect de la convention collective | SÃ©rÃ©nitÃ© totale en cas de contrÃ´le URSSAF"
expert-comptable-psychologue,Expert-comptable psychologue : Sérénité financière & Coaching | Keobiz,SÃ©curiser votre dÃ©claration 2035,TÃ©lÃ©transmission automatique de vos liasses | Audit de vos recettes professionnelles | ZÃ©ro stress pour vos Ã©chÃ©ances fiscales,Optimiser vos charges et cotisations sociales,"Anticipation des rÃ©gularisations URSSAF | DÃ©duction des frais (local, formations, repas) | Arbitrage frais kilomÃ©triques vs vÃ©hicule pro",Se libÃ©rer du temps pour vos patients,ComptabilitÃ© 100% digitalisÃ©e via application | Conseiller personnel joignable sous 48h | Accompagnement dans votre installation
expert-comptable-transport-de-marchandises,Expert-Comptable Transport de Marchandises : Audit Gratuit | Keobiz,Choisir le bon statut pour optimiser vos revenus,"Audit de votre situation (Micro, SASU, EURL) | Prise en charge de vos formalitÃ©s de crÃ©ation | Conseil en optimisation (salaire vs. dividendes)",Optimiser vos charges rÃ©elles et maÃ®triser la TVA,"Expertise sur la rÃ©cupÃ©ration de TVA (carburant, entretien) | Outil de scan de vos notes de frais via mobile | Calcul et optimisation de vos frais kilomÃ©triques",Gagner du temps et piloter votre activitÃ©,Un expert-comptable dÃ©diÃ© qui connaÃ®t votre secteur | Synchronisation bancaire automatique | Tableaux de bord simples et en temps rÃ©el
expert-comptable-librairie,Expert Comptable Librairie | Audit Gratuit & Gestion Spécialisée - Keobiz,Piloter votre marge et vos stocks,Suivi mensuel de votre marge brute | Gestion des retours Ã©diteurs | Tableau de bord de rentabilitÃ© en temps rÃ©el,Automatiser votre flux de caisse,Connexion API avec votre logiciel de caisse | Gestion experte de la TVA Ã  taux rÃ©duit | Scan instantanÃ© des factures fournisseurs,Simplifier la gestion de votre librairie,Ãdition des paies conformes | Respect de la convention collective librairie | SÃ©rÃ©nitÃ© totale en cas de contrÃ´le URSSAF
expert-comptable-poissonnerie,Expert Comptable Poissonnerie : Optimisez Marges & Trésorerie | Keobiz,Piloter votre marge et vos stocks,Suivi mensuel de votre marge brute (Food Cost) | Analyse de la dÃ©marque et des produits frais | Tableau de bord de rentabilitÃ© en temps rÃ©el,Automatiser votre flux de caisse,Connexion API avec votre logiciel de caisse | Gestion experte de la TVA multi-taux | Scan instantanÃ© des factures fournisseurs,Simplifier la gestion de vos salariÃ©s,"Ãdition des paies (extras, saisonniers, apprentis) | Respect de la convention collective sectorielle | SÃ©rÃ©nitÃ© totale en cas de contrÃ´le URSSAF"
expert-comptable-salon-de-coiffure,Expert Comptable Salon de Coiffure : Audit Fiscal Gratuit | Keobiz,Piloter votre marge et vos stocks,Suivi mensuel de votre marge brute | Analyse de la dÃ©marque et des produits | Tableau de bord de rentabilitÃ© en temps rÃ©el,Automatiser votre flux de caisse,Connexion API avec votre logiciel de caisse | Gestion experte de la TVA | Scan instantanÃ© des factures fournisseurs,Simplifier la gestion de vos salariÃ©s,Ãdition des paies | Respect de la convention collective coiffure | SÃ©rÃ©nitÃ© totale en cas de contrÃ´le URSSAF
expert-comptable-profession-liberale,Expert Comptable Profession Libérale : Gestion & Optimisation | Keobiz,SÃ©curiser votre dÃ©claration 2035 / BNC,TÃ©lÃ©transmission automatique de vos liasses | Audit de vos recettes professionnelles | ZÃ©ro stress pour vos Ã©chÃ©ances fiscales,Optimiser vos charges et cotisations sociales,"Anticipation des rÃ©gularisations URSSAF/Retraite | DÃ©duction des frais rÃ©els (local, repas) | Arbitrage frais kilomÃ©triques vs vÃ©hicule pro",Se libÃ©rer du temps pour votre expertise,ComptabilitÃ© 100% digitalisÃ©e via application | Conseiller personnel joignable sous 48h | Gestion des rÃ©trocessions honoraires
expert-comptable-courtier,Expert Comptable Courtier : Optimisez Compta et Financement | Keobiz,Choisir le bon statut pour optimiser vos revenus,Audit de votre situation fiscale | Prise en charge des formalitÃ©s de crÃ©ation | Conseil en optimisation des commissions,Optimiser vos charges rÃ©elles et maÃ®triser la TVA,Expertise sur la rÃ©cupÃ©ration de TVA | Outil de scan de vos notes de frais | Calcul et optimisation de vos frais de dÃ©placement,Gagner du temps et piloter votre activitÃ©,Un expert-comptable dÃ©diÃ© qui connaÃ®t le mÃ©tier | Synchronisation bancaire automatique | Tableaux de bord simples et en temps rÃ©el
expert-comptable-lmnp,Expert Comptable LMNP : Audit Gratuit & Optimisation Fiscale | Keobiz,Gommer votre impÃ´t locatif,Calcul expert de l'amortissement par composants | CrÃ©ation de dÃ©ficit reportable pour zÃ©ro impÃ´t | Passage du Micro-BIC au RÃ©el simplifiÃ©,SÃ©curiser votre patrimoine,Liasse fiscale (2031) certifiÃ©e par l'Ordre | Conseil en structuration fiscale | Assistance en cas de questions de l'administration,Gagner en simplicitÃ© administrative,Synchronisation automatique des relevÃ©s bancaires | Gestion des amortissements du mobilier | Dossier prÃªt pour vos futurs emprunts
expert-comptable-immobilier,Expert Comptable Immobilier LMNP & SCI - Audit Gratuit | Keobiz,Gommer votre impÃ´t locatif,Calcul expert de l'amortissement par composants | CrÃ©ation de dÃ©ficit reportable pour zÃ©ro impÃ´t | Passage du Micro-BIC au RÃ©el simplifiÃ©,SÃ©curiser votre patrimoine,"Liasse fiscale (2072 ou 2065) certifiÃ©e par l'Ordre | Conseil en structuration (SCI Ã  l'IS vs IR, Holding) | Assistance en cas de questions de l'administration",Gagner en simplicitÃ© administrative,Synchronisation automatique des relevÃ©s bancaires | Gestion des appels de charges et travaux | Dossier prÃªt pour vos futurs emprunts bancaires
expert-comptable-hotellerie,Expert-Comptable Hôtellerie : Audit & Gestion Optimisée | Keobiz,Piloter votre marge et votre remplissage,Suivi mensuel de votre RevPAR | Analyse des coÃ»ts de fonctionnement | Tableau de bord de rentabilitÃ© en temps rÃ©el,Automatiser votre gestion hÃ´teliÃ¨re,Connexion API avec votre PMS / logiciel de caisse | Gestion experte de la TVA et taxe de sÃ©jour | Scan instantanÃ© des factures fournisseurs,Simplifier la gestion de votre personnel,"Ãdition des paies (saisonniers, veilleurs) | Respect de la convention collective HCR | SÃ©rÃ©nitÃ© totale en cas de contrÃ´le URSSAF"
expert-comptable-infirmiere-liberale,Expert Comptable Infirmière Libérale : Bilan Gratuit - Keobiz,SÃ©curiser votre dÃ©claration 2035,TÃ©lÃ©transmission automatique de vos liasses | Audit de vos recettes (relevÃ©s SNIR/CPAM) | ZÃ©ro stress pour vos Ã©chÃ©ances fiscales,Optimiser vos charges et cotisations sociales,"Anticipation des rÃ©gularisations (CARPIMKO) | DÃ©duction des frais (blanchissage, petit matÃ©riel) | Arbitrage frais kilomÃ©triques vs vÃ©hicule pro",Se libÃ©rer du temps pour vos patients,ComptabilitÃ© 100% digitalisÃ©e via application | Conseiller personnel joignable sous 48h | Gestion des rÃ©trocessions remplaÃ§ants
expert-comptable-vtc,Expert Comptable VTC : Gestion Fiscale Simplifiée & Optimisée | Keobiz,Choisir le bon statut pour optimiser vos revenus,"Audit de votre situation (Micro, SASU, EURL) | Prise en charge de vos formalitÃ©s de crÃ©ation | Conseil en optimisation (salaire vs. dividendes)",Optimiser vos charges rÃ©elles et maÃ®triser la TVA,"Expertise sur la rÃ©cupÃ©ration de TVA (carburant, entretien) | Outil de scan de vos notes de frais via mobile | Calcul et optimisation de vos frais kilomÃ©triques",Gagner du temps et piloter votre activitÃ©,Un expert-comptable dÃ©diÃ© qui connaÃ®t votre secteur | Synchronisation bancaire automatique | Tableaux de bord simples et en temps rÃ©el
expert-comptable-consultant-freelance,Expert Comptable Consultant Freelance : Audit Offert | Keobiz,Choisir le bon statut pour optimiser vos revenus,"Audit de votre situation (Micro, SASU, EURL) | Prise en charge de vos formalitÃ©s de crÃ©ation | Conseil en optimisation (salaire vs. dividendes)",Optimiser vos charges rÃ©elles et maÃ®triser la TVA,Expertise sur la rÃ©cupÃ©ration de TVA (frais pro) | Outil de scan de vos notes de frais via mobile | Calcul et optimisation de vos frais kilomÃ©triques,Gagner du temps et piloter votre activitÃ©,Un expert-comptable dÃ©diÃ© qui connaÃ®t le conseil | Synchronisation bancaire automatique | Tableaux de bord simples et en temps rÃ©el
expert-comptable-hotellerie-et-restauration,Expert-Comptable Hôtellerie & Restauration : Diagnostic Gratuit | Keobiz,Piloter votre marge et votre remplissage,Suivi mensuel de votre RevPAR | Analyse des coÃ»ts de fonctionnement | Tableau de bord de rentabilitÃ© en temps rÃ©el,Automatiser votre gestion hÃ´teliÃ¨re,Connexion API avec votre PMS / logiciel de caisse | Gestion experte de la TVA et taxe de sÃ©jour | Scan instantanÃ© des factures fournisseurs,Simplifier la gestion de votre personnel,"Ãdition des paies (saisonniers, veilleurs) | Respect de la convention collective HCR | SÃ©rÃ©nitÃ© totale en cas de contrÃ´le URSSAF"
expert-comptable-kinesitherapeute-liberal,Expert-Comptable Kinésithérapeute Libéral | Keobiz Spécialiste Santé,SÃ©curiser votre dÃ©claration 2035,TÃ©lÃ©transmission automatique de vos liasses | Audit de vos recettes (relevÃ©s SNIR/CPAM) | ZÃ©ro stress pour vos Ã©chÃ©ances fiscales,Optimiser vos charges et cotisations sociales,"Anticipation des rÃ©gularisations (CARPIMKO) | DÃ©duction des frais (blanchissage, petit matÃ©riel) | Arbitrage frais kilomÃ©triques vs vÃ©hicule pro",Se libÃ©rer du temps pour vos patients,ComptabilitÃ© 100% digitalisÃ©e via application | Conseiller personnel joignable sous 48h | Gestion des rÃ©trocessions assistants
expert-comptable-profession-libérale,Expert Comptable Profession Libérale - Keobiz : Fiscalité Optimisée,SÃ©curiser votre dÃ©claration 2035 / BNC,TÃ©lÃ©transmission automatique de vos liasses | Audit de vos recettes professionnelles | ZÃ©ro stress pour vos Ã©chÃ©ances fiscales,Optimiser vos charges et cotisations sociales,"Anticipation des rÃ©gularisations URSSAF/Retraite | DÃ©duction des frais rÃ©els (local, repas) | Arbitrage frais kilomÃ©triques vs vÃ©hicule pro",Se libÃ©rer du temps pour votre expertise,ComptabilitÃ© 100% digitalisÃ©e via application | Conseiller personnel joignable sous 48h | Gestion des rÃ©trocessions honoraires
expert-comptable-dentiste-liberal,Expert Comptable Dentiste Libéral : Optimisation & Audit Gratuit - Keobiz,SÃ©curiser votre dÃ©claration 2035,TÃ©lÃ©transmission automatique de vos liasses | Audit de vos recettes (relevÃ©s SNIR/CPAM) | ZÃ©ro stress pour vos Ã©chÃ©ances fiscales,Optimiser vos charges et cotisations sociales,"Anticipation des rÃ©gularisations (CARCDSF) | DÃ©duction des frais (blanchissage, petit matÃ©riel) | Arbitrage frais kilomÃ©triques vs vÃ©hicule pro",Se libÃ©rer du temps pour vos patients,ComptabilitÃ© 100% digitalisÃ©e via application | Conseiller personnel joignable sous 48h | Gestion des rÃ©trocessions assistants
expert-comptable-photographe-freelance,Expert-Comptable pour Photographe Freelance : Devis Gratuit | Keobiz,Choisir le bon statut pour optimiser vos revenus,"Audit (Artiste-Auteur, Micro, SASU, EURL) | Prise en charge de vos formalitÃ©s de crÃ©ation | Conseil en optimisation des droits d'auteur",Optimiser vos charges rÃ©elles et maÃ®triser la TVA,Expertise sur la rÃ©cupÃ©ration de TVA (matÃ©riel photo) | Outil de scan de vos notes de frais via mobile | Optimisation des frais de studio,Gagner du temps et piloter votre activitÃ©,Un expert-comptable dÃ©diÃ© qui connaÃ®t les crÃ©atifs | Synchronisation bancaire automatique | Tableaux de bord simples et en temps rÃ©el
expert-comptable-osteopathe-liberal,Expert Comptable Ostéopathe Libéral - Keobiz : Devis & Audit Gratuit,SÃ©curiser votre dÃ©claration 2035,TÃ©lÃ©transmission automatique de vos liasses | Audit de vos recettes (relevÃ©s SNIR/CPAM) | ZÃ©ro stress pour vos Ã©chÃ©ances fiscales,Optimiser vos charges et cotisations sociales,"Anticipation des rÃ©gularisations (CIPAV/URSSAF) | DÃ©duction des frais (blanchissage, repas, local) | Arbitrage frais kilomÃ©triques vs vÃ©hicule pro",Se libÃ©rer du temps pour vos patients,ComptabilitÃ© 100% digitalisÃ©e via application | Conseiller personnel joignable sous 48h | Gestion des rÃ©trocessions assistants
expert-comptable-service-à-la-personne,Expert-Comptable Service à la Personne : Conformité & Optimisation - Keobiz,Choisir le bon statut pour optimiser vos revenus,Audit de votre situation fiscale | Prise en charge de vos formalitÃ©s de crÃ©ation | Conseil sur l'avance immÃ©diate de crÃ©dit d'impÃ´t,MaÃ®triser vos charges et vos paies,Ãdition des paies conformes Ã  la convention SAP | Outil de scan de vos factures d'achat | Optimisation de vos frais de dÃ©placement,Gagner du temps et sÃ©curiser votre activitÃ©,Un expert dÃ©diÃ© qui connaÃ®t vos contraintes | Synchronisation bancaire automatique | Dossier certifiÃ© en cas de contrÃ´le URSSAF
expert-comptable-garage-automobile,Expert Comptable Garage Automobile : Audit Gratuit & Économies | Keobiz,MaÃ®triser la TVA sur marge et vos stocks,Audit de vos ventes VO/VN | Optimisation des stocks de piÃ¨ces dÃ©tachÃ©es | Gestion experte de la TVA spÃ©cifique auto,Gagner du temps sur votre administratif,Outil de scan de vos factures fournisseurs | Synchronisation bancaire automatique | Gestion des paies et cotisations sociales,SÃ©curiser votre rentabilitÃ©,Expert dÃ©diÃ© Ã  l'univers automobile | Dossier certifiÃ© pour vos partenaires bancaires | Tableaux de bord de pilotage en temps rÃ©el
expert-comptable-estheticienne,Expert-Comptable Esthéticienne : Spécialiste Instituts & Salons,Piloter votre marge et vos stocks,Suivi mensuel de votre marge brute | Analyse de la dÃ©marque et des produits | Tableau de bord de rentabilitÃ© en temps rÃ©el,Automatiser votre flux de caisse,Connexion API avec votre logiciel de caisse | Gestion experte de la TVA | Scan instantanÃ© des factures fournisseurs,Simplifier la gestion de votre institut,Ãdition des paies conformes | Respect de la convention collective esthÃ©tique | SÃ©rÃ©nitÃ© totale en cas de contrÃ´le URSSAF
