post_slug,post_title,item_0_number,item_0_txt,item_1_number,item_1_txt,item_2_number,item_2_txt
expert-comptable-btp,Expert Comptable BTP : Audit Gratuit & Optimisation | Keobiz,1200,Entreprises BTP accompagnées,4.8,Note moyenne Google Avis,30,De temps administratif
expert-comptable-industrie,Expert Comptable Industrie : Optimisez Coûts & Trésorerie | Keobiz,20,Gain de temps administratif moyen,4.8,Note de satisfaction client,500,Clients industriels et artisans
expert-comptable-informatique,Expert Comptable Informatique : Automatisation & Conseil | Keobiz,4.8,Note moyenne clients,15,Moyenne gain de temps/mois,100,Conforme aux normes fiscales
expert-comptable-e-commerce,"Expert-Comptable E-commerce : Spécialiste Shopify, Amazon & Dropshipping | Keobiz",15,Gagnées par mois en moyenne,100,Conformité TVA & OSS,4.8,Note moyenne clients
expert-comptable-artisan,Expert-Comptable Artisan : Compta Simplifiée & Optimisée | Keobiz,5000,Clients accompagnés,4.8,Note moyenne Google,100,Conforme Ordre des Experts-Comptables
expert-comptable-plombier,"Expert-Comptable Plombier : Bilan, TVA & Optimisation | Keobiz",1200,Artisans accompagnés,4.8,Note moyenne Google,25,D'impôts (moyenne constatée)
expert-comptable-sage-femme-liberale,Expert-Comptable Sage-Femme Libérale : Gestion & Optimisation | Keobiz,1 500,d'économies d'impôts moyennes identifiées,350,Sages-femmes nous font confiance,4.8,Note de satisfaction client
expert-comptable-presse,Expert-Comptable Presse & Journalistes | Audit Gratuit - Keobiz,12,Années d'expertise,4.8,Note moyenne clients,100,Dossiers conformes
expert-comptable-artiste,Expert Comptable Artiste : Audit Fiscal Gratuit & Gestion Simplifiée,500,Artistes accompagnés,2 000,Économies moy./an identifiées,4.8,Note satisfaction client
expert-comptable-traiteur,Expert-Comptable pour Traiteur : Optimisez vos Marges | Keobiz,30,d'économie moyenne sur les honoraires comptables,4.8,Note moyenne sur Google & Trustpilot,500,Professionnels de la restauration accompagnés
expert-comptable-graphiste-freelance,Expert-Comptable pour Graphiste Freelance : Devis Gratuit | Keobiz,500,Graphistes accompagnés,4.8,Note moyenne Trustpilot,24,Délai max de réponse
expert-comptable-bar,Expert Comptable Bar & Café | Spécialiste CHR - Keobiz,1500,Clients Horeca accompagnés,15,Économie d'impôt moyenne constatée,4.8,Note moyenne Google Avis
expert-comptable-coiffeur,Expert Comptable Coiffeur : Spécialiste Salons & Domicile | Keobiz,1500,Salons de coiffure accompagnés,4.8,Note moyenne clients,30,De temps administratif
expert-comptable-boulangerie,Expert Comptable Boulangerie : Optimisez vos Marges & Gagnez du Temps,500,Boulangeries accompagnées,4.8,Note moyenne clients,15,Gain de marge moyen
expert-comptable-charpentier,Expert-Comptable Charpentier | Keobiz - Audit & Devis Gratuit,5 000,Artisans & Indépendants accompagnés,4.8,Note moyenne Trustpilot,30,De temps passé sur la compta
expert-comptable-esn,Expert Comptable ESN & Freelance IT - Keobiz | Devis Gratuit,15 000,Clients satisfaits,4.8,Note moyenne Trustpilot,100,Conforme Administration Fiscale
expert-comptable-bureau-d'étude,Expert-Comptable Bureau d'Étude : Optimisation & Conformité | Keobiz,15 000,Clients satisfaits,4.8,Note moyenne Trustpilot,20,Coût moyen vs cabinet traditionnel
expert-comptable-sci,"Expert-Comptable SCI : Bilan, Liasse 2072 & Conseils | Keobiz",15 000,Clients satisfaits,4.8,Note Google Avis,100,Conforme Administration
expert-comptable-agence-immobilière,Expert Comptable Agence Immobilière : Audit Gratuit | Keobiz,12 000,Clients satisfaits,4.8,Note moyenne Trustpilot,100,Conformité fiscale
expert-comptable-menuisier,"Expert-comptable Menuisier : Gérez Moins, Gagnez Plus | Keobiz",1200,Artisans accompagnés,4.8,Note moyenne Trustpilot,1500,Économie d'impôt moyenne
expert-comptable-formateur,Formation Gestion & Compta par Expert-Comptable Formateur | Keobiz,1 500,Entrepreneurs formés,4.9,Note moyenne avis vérifiés,100,Contenu à jour loi de finances
expert-comptable-services-aux-entreprises,Expert Comptable Services aux Entreprises : Devis Gratuit | Keobiz,15 000,Clients accompagnés,4.8,Note moyenne Google,100,Inscrit à l'Ordre
expert-comptable-menuisier,Expert-Comptable Menuisier : Comptabilité & Fiscalité Simplifiées | Keobiz,300,Menuisiers accompagnés,4.8,Note moyenne clients,15,D'impôts optimisés (moyenne)
expert-comptable-entreprise-de-nettoyage,Expert Comptable Entreprise de Nettoyage : Devis & Audit Gratuit | Keobiz,100,Conformité URSSAF,4.8,Note moyenne Trustpilot,12,Gagnées par mois en moyenne
expert-comptable-plomberie,Expert-Comptable Plomberie : Spécialiste Artisans | Keobiz,3 200,Économies d'impôts moyennes/an,15,Heures de gestion gagnées/mois,4.8,Note satisfaction clients
expert-comptable-gestion-de-patrimoine,Expert Comptable Gestion de Patrimoine : Audit Gratuit | Keobiz,10 000,Clients accompagnés,3 500,Économie d'impôt moyenne identifiée,4.8,Note de satisfaction client
expert-comptable-services-aux-entreprises,Expert comptable services aux entreprises : Devis gratuit | Keobiz,15 000,Clients accompagnés,4.8,Note moyenne avis clients,100,Conforme Ordre des Experts-Comptables
expert-comptable-developpeur-freelance,Expert-Comptable & Développeur Freelance : Compta Automatisée & Sûre,15,Moyenne d'heures économisées/mois par client,100,Conformité fiscale et RGPD garantie,0,Pénalités de retard chez nos clients
expert-comptable-électricien,Expert comptable électricien : Spécialiste BTP & Artisans | Keobiz,12 000,Entrepreneurs accompagnés,4.8,Note moyenne Trustpilot,30,Sur vos frais comptables
expert-comptable-commerce-de-gros,Expert-comptable Commerce de Gros : +10% Rentabilité & -20h Admin | Keobiz,15,Moyenne mensuelle gagnée par gérant,4.8,Note moyenne de satisfaction client,100,Conformité fiscale garantie
expert-comptable-enseignement,Expert-Comptable Enseignement & Formation : Sérénité Fiscale | Keobiz,4.8,Note moyenne Trustpilot,14 000,Clients accompagnés,20,Temps moyen gagné/mois
expert-comptable-courtier-en-assurance,Expert Comptable & Courtier en Assurance : Audit Gratuit | Keobiz,1 500,Économie moyenne réalisée par an,5 000,Indépendants accompagnés,4.8,Note de satisfaction client
expert-comptable-dropshipping,Expert Comptable Dropshipping : Conformité TVA & Optimisation - Keobiz,150,de volume d'affaires e-commerce géré,1500,E-commerçants accompagnés,4.8,Note moyenne Trustpilot
expert-comptable-automobile,Expert Comptable Automobile : Spécialiste Garage & Vente | Keobiz,3 000,Économies d'impôts moyennes constatées,800,Professionnels de l'auto accompagnés,4.9,Note de satisfaction client
expert-comptable-agent-commercial-:-optimisez-votre-fiscalité,Expert Comptable Agent Commercial : Optimisez votre Fiscalité | Keobiz,15 000,Entrepreneurs accompagnés,4.8,Note moyenne Trustpilot,20,Gain moyen de revenus nets
expert-comptable-holding,Expert-Comptable Holding : Audit Gratuit & Optimisation Fiscale | Keobiz,30,D'économie d'impôt moyenne identifiée lors des audits,15 000,Entrepreneurs et holdings accompagnés,4.8,Note de satisfaction client sur Google
expert-comptable-consultant,Expert Comptable Consultant : Optimisation & Gestion pour Indépendants | Keobiz,15 000,Entrepreneurs accompagnés,4.8,Note moyenne avis clients,48,Délai de réponse garanti
expert-comptable-serrurier,Expert Comptable Serrurier : Devis & Diagnostic Gratuit | Keobiz,1200,Artisans accompagnés,20,D'impôts en moyenne,10,Gagnées par mois
expert-comptable-epicerie,Expert-Comptable Épicerie : Comptabilité & TVA Simplifiées | Keobiz,120,Épiceries et commerces accompagnés,4.8,Note moyenne sur Google Avis,25,De charge mentale administrative
expert-comptable-commerce,Expert Comptable Commerce : Compta Simplifiée & Audit Gratuit | Keobiz,15 000,Clients accompagnés,4.8,Note moyenne Trustpilot,100,Conforme Administration
expert-comptable-boucherie-charcuterie,Expert-Comptable Boucherie Charcuterie - Optimisez vos Marges | Keobiz,14 000,Clients satisfaits,4.8,Note moyenne Trustpilot,3,Économies d'impôts moyennes/an
expert-comptable-medecin-liberal,Expert-Comptable Médecin Libéral : Optimisation Fiscale & Sérénité | Keobiz,300,Médecins accompagnés,15,Années d'expérience,4.8,Note de satisfaction
expert-comptable-pour-freelance,Expert Comptable pour Freelance : Devis & Diagnostic Gratuit | Keobiz,15 000,Freelances accompagnés,4.8,Note moyenne Google & Trustpilot,10,Heures gagnées par mois en moyenne
expert-comptable-fleuriste,Expert Comptable Fleuriste : Gestion & Fiscalité sur-mesure | Keobiz,350,Commerçants accompagnés,4,Économies moyennes identifiées,4.9,Note moyenne clients
expert-comptable-psychologue,Expert-comptable psychologue : Sérénité financière & Coaching | Keobiz,500,Indépendants accompagnés vers la sérénité,94,De clients se disent moins anxieux après 3 mois,15,Moyenne de trésorerie optimisée par dossier
expert-comptable-transport-de-marchandises,Expert-Comptable Transport de Marchandises : Audit Gratuit | Keobiz,3 500,d'économies d'impôts moyennes identifiées lors de l'audit,15,de gestion administrative par mois pour nos clients,4.8,Note moyenne de satisfaction client
expert-comptable-librairie,Expert Comptable Librairie | Audit Gratuit & Gestion Spécialisée - Keobiz,20,Gagnées en moyenne par mois,4.8,Note de satisfaction client,100,Conforme normes fiscales
expert-comptable-poissonnerie,Expert Comptable Poissonnerie : Optimisez Marges & Trésorerie | Keobiz,4.8,Note moyenne clients,20,Gain de temps admin,48,Délai max de réponse
expert-comptable-salon-de-coiffure,Expert Comptable Salon de Coiffure : Audit Fiscal Gratuit | Keobiz,15 000,Entrepreneurs accompagnés,4.8,Note moyenne Trustpilot,20,Sur vos frais comptables
expert-comptable-profession-liberale,Expert Comptable Profession Libérale : Gestion & Optimisation | Keobiz,12 000,Indépendants accompagnés,4.8,Note moyenne Trustpilot,100,Conforme Ordre des Experts-Comptables
expert-comptable-courtier,Expert Comptable Courtier : Optimisez Compta et Financement | Keobiz,95,Taux d'acceptation des dossiers,15,Économie moyenne réalisée,4.8,Note moyenne clients
expert-comptable-lmnp,Expert Comptable LMNP : Audit Gratuit & Optimisation Fiscale | Keobiz,5 000,Clients LMNP accompagnés,4.8,Note moyenne Trustpilot,0,D'impôt pour la majorité de nos clients LMNP
expert-comptable-immobilier,Expert Comptable Immobilier LMNP & SCI - Audit Gratuit | Keobiz,15 000,Investisseurs accompagnés,3 000,Économie d'impôt moyenne/an,4.8,Note satisfaction client
expert-comptable-hotellerie,Expert-Comptable Hôtellerie : Audit & Gestion Optimisée | Keobiz,300,Hôtels et gîtes accompagnés,4.8,Note moyenne Trustpilot,20,De temps administratif
expert-comptable-infirmiere-liberale,Expert Comptable Infirmière Libérale : Bilan Gratuit - Keobiz,500,IDEL accompagnées,3,Économies moyennes/an,4.8,Note moyenne Trustpilot
expert-comptable-vtc,Expert Comptable VTC : Gestion Fiscale Simplifiée & Optimisée | Keobiz,2000,Chauffeurs VTC accompagnés,4.8,Note moyenne Google Avis,15,Économie d'impôt moyenne
expert-comptable-consultant-freelance,Expert Comptable Consultant Freelance : Audit Offert | Keobiz,10,Gagnées par mois en moyenne,4.9,Note moyenne clients,3000,Économie fiscale moyenne/an
expert-comptable-hotellerie-et-restauration,Expert-Comptable Hôtellerie & Restauration : Diagnostic Gratuit | Keobiz,15,de chiffre d'affaires H&R géré,4.8,Note moyenne clients,24,Délai max de réponse
expert-comptable-kinesitherapeute-liberal,Expert-Comptable Kinésithérapeute Libéral | Keobiz Spécialiste Santé,500,Kinés accompagnés,2 500,Économies d'impôts moyennes/an,4.8,Note de satisfaction client
expert-comptable-profession-libérale,Expert Comptable Profession Libérale - Keobiz : Fiscalité Optimisée,2000,Professions libérales accompagnées,4.8,Note moyenne Trustpilot,100,Conforme Ordre Experts-Comptables
expert-comptable-dentiste-liberal,Expert Comptable Dentiste Libéral : Optimisation & Audit Gratuit - Keobiz,500,Cabinets dentaires accompagnés,4.8,Note moyenne clients,100,Conforme aux normes fiscales
expert-comptable-photographe-freelance,Expert-Comptable pour Photographe Freelance : Devis Gratuit | Keobiz,500,Photographes accompagnés,4.8,Note moyenne Trustpilot,15,Gagnées par mois en moyenne
expert-comptable-osteopathe-liberal,Expert Comptable Ostéopathe Libéral - Keobiz : Devis & Audit Gratuit,14 000,Clients accompagnés,4.8,Note moyenne Trustpilot,100,Spécialisé Libéraux
expert-comptable-service-à-la-personne,Expert-Comptable Service à la Personne : Conformité & Optimisation - Keobiz,15 000,Clients accompagnés,4.8,Note moyenne Google,2 000,Économies moyennes / an
expert-comptable-garage-automobile,Expert Comptable Garage Automobile : Audit Gratuit & Économies | Keobiz,1200,Garages accompagnés,4.8,Note satisfaction client,30,De charges administratives
expert-comptable-estheticienne,Expert-Comptable Esthéticienne : Spécialiste Instituts & Salons,14,d'expertise auprès des indépendants,4.8,note moyenne de satisfaction client,15 000,clients entrepreneurs accompagnés
