post_slug,post_title,sector_detected,item_0_title,item_0_desc_new,item_1_title,item_1_desc_new,item_2_title,item_2_desc_new
expert-comptable-btp,Expert Comptable BTP : Audit Gratuit & Optimisation | Keobiz,btp,+12kâ¬ d'Ã©conomies moyennes,<ul>\r\n \t<li>Spécialiste de votre secteur et de vos problématiques</li>\r\n \t<li>Conseil stratégique au-delà du simple bilan</li>\r\n \t<li>Interlocuteur dédié qui comprend votre métier</li>\r\n</ul>,10h de gagnÃ©es par mois,<ul>\r\n \t<li>Automatisation de la saisie : envoyez vos factures en photo</li>\r\n \t<li>Suivi de rentabilité par chantier en temps réel</li>\r\n \t<li>Gagnez 10h/mois sur la gestion administrative</li>\r\n</ul>,SÃ©rÃ©nitÃ© absolue,<ul>\r\n \t<li>Spécialiste de votre secteur et de vos problématiques</li>\r\n \t<li>Conseil stratégique au-delà du simple bilan</li>\r\n \t<li>Interlocuteur dédié qui comprend votre métier</li>\r\n</ul>
expert-comptable-industrie,Expert Comptable Industrie : Optimisez Coûts & Trésorerie | Keobiz,industrie,Gain de temps opÃ©rationnel,<ul>\r\n \t<li>Spécialiste de votre secteur et de vos problématiques</li>\r\n \t<li>Conseil stratégique au-delà du simple bilan</li>\r\n \t<li>Interlocuteur dédié qui comprend votre métier</li>\r\n</ul>,VisibilitÃ© financiÃ¨re totale,<ul>\r\n \t<li>Spécialiste de votre secteur et de vos problématiques</li>\r\n \t<li>Conseil stratégique au-delà du simple bilan</li>\r\n \t<li>Interlocuteur dédié qui comprend votre métier</li>\r\n</ul>,Ãconomies immÃ©diates,<ul>\r\n \t<li>Spécialiste de votre secteur et de vos problématiques</li>\r\n \t<li>Conseil stratégique au-delà du simple bilan</li>\r\n \t<li>Interlocuteur dédié qui comprend votre métier</li>\r\n</ul>
expert-comptable-informatique,Expert Comptable Informatique : Automatisation & Conseil | Keobiz,informatique,Gagnez 10h par mois,"<ul>\r\n \t<li>Récupérez 10h/mois pour vous concentrer sur vos projets</li>\r\n \t<li>Automatisation complète de la saisie comptable</li>\r\n \t<li>Interface digitale : tout en ligne, zéro paperasse</li>\r\n</ul>",SÃ©rÃ©nitÃ© Totale,"<ul>\r\n \t<li>Déduction optimisée : matériel, logiciels, home office</li>\r\n \t<li>Frais de R&D et CIR (Crédit Impôt Recherche) maximisés</li>\r\n \t<li>Conseil en rémunération pour payer moins d'impôts</li>\r\n</ul>",Optimisation Fiscale,<ul>\r\n \t<li>Spécialiste de votre secteur et de vos problématiques</li>\r\n \t<li>Conseil stratégique au-delà du simple bilan</li>\r\n \t<li>Interlocuteur dédié qui comprend votre métier</li>\r\n</ul>
expert-comptable-e-commerce,"Expert-Comptable E-commerce : Spécialiste Shopify, Amazon & Dropshipping | Keobiz",ecommerce,Gain de temps immÃ©diat,"<ul>\r\n \t<li>Synchronisation automatique Shopify, Amazon, WooCommerce</li>\r\n \t<li>Rapprochement bancaire et TVA automatisés</li>\r\n \t<li>Économisez 15h/mois réinvesties dans le marketing</li>\r\n</ul>",SÃ©rÃ©nitÃ© absolue,<ul>\r\n \t<li>Spécialiste de votre secteur et de vos problématiques</li>\r\n \t<li>Conseil stratégique au-delà du simple bilan</li>\r\n \t<li>Interlocuteur dédié qui comprend votre métier</li>\r\n</ul>,Conseil pro-actif,<ul>\r\n \t<li>Spécialiste de votre secteur et de vos problématiques</li>\r\n \t<li>Conseil stratégique au-delà du simple bilan</li>\r\n \t<li>Interlocuteur dédié qui comprend votre métier</li>\r\n</ul>
expert-comptable-artisan,Expert-Comptable Artisan : Compta Simplifiée & Optimisée | Keobiz,artisan,Gagnez 10h par mois,"<ul>\r\n \t<li>Déléguez 100% de la compta et gagnez 10h par mois</li>\r\n \t<li>Envoyez vos factures en photo, on gère le reste</li>\r\n \t<li>Plus de temps pour vos clients et votre savoir-faire</li>\r\n</ul>",Ãconomies RÃ©elles,"<ul>\r\n \t<li>Nos conseils couvrent souvent le coût de nos honoraires</li>\r\n \t<li>Optimisation fiscale (déductions, frais réels)</li>\r\n \t<li>Réduction des charges sociales grâce à nos stratégies</li>\r\n</ul>",RÃ©activitÃ© sous 48h,<ul>\r\n \t<li>Spécialiste de votre secteur et de vos problématiques</li>\r\n \t<li>Conseil stratégique au-delà du simple bilan</li>\r\n \t<li>Interlocuteur dédié qui comprend votre métier</li>\r\n</ul>
expert-comptable-plombier,"Expert-Comptable Plombier : Bilan, TVA & Optimisation | Keobiz",btp,Gagnez 10h par mois,<ul>\r\n \t<li>Automatisation de la saisie : envoyez vos factures en photo</li>\r\n \t<li>Suivi de rentabilité par chantier en temps réel</li>\r\n \t<li>Gagnez 10h/mois sur la gestion administrative</li>\r\n</ul>,Ãconomisez jusqu'Ã  3000â¬/an,<ul>\r\n \t<li>Spécialiste de votre secteur et de vos problématiques</li>\r\n \t<li>Conseil stratégique au-delà du simple bilan</li>\r\n \t<li>Interlocuteur dédié qui comprend votre métier</li>\r\n</ul>,"ZÃ©ro jargon, 100% clair",<ul>\r\n \t<li>Spécialiste de votre secteur et de vos problématiques</li>\r\n \t<li>Conseil stratégique au-delà du simple bilan</li>\r\n \t<li>Interlocuteur dédié qui comprend votre métier</li>\r\n</ul>
expert-comptable-sage-femme-liberale,Expert-Comptable Sage-Femme Libérale : Gestion & Optimisation | Keobiz,default,Gain de Temps PrÃ©cieux,<ul>\r\n \t<li>Automatisation complète de votre saisie comptable</li>\r\n \t<li>Tableaux de bord en temps réel pour piloter sereinement</li>\r\n \t<li>Gagnez 10h par mois réinvesties dans votre activité</li>\r\n</ul>,SÃ©rÃ©nitÃ© Administrative,<ul>\r\n \t<li>Spécialiste de votre secteur et de vos problématiques</li>\r\n \t<li>Conseil stratégique au-delà du simple bilan</li>\r\n \t<li>Interlocuteur dédié qui comprend votre métier</li>\r\n</ul>,Ãconomies RÃ©elles,<ul>\r\n \t<li>Spécialiste de votre secteur et de vos problématiques</li>\r\n \t<li>Conseil stratégique au-delà du simple bilan</li>\r\n \t<li>Interlocuteur dédié qui comprend votre métier</li>\r\n</ul>
expert-comptable-presse,Expert-Comptable Presse & Journalistes | Audit Gratuit - Keobiz,default,Gain de temps : +8h / mois,<ul>\r\n \t<li>Automatisation complète de votre saisie comptable</li>\r\n \t<li>Tableaux de bord en temps réel pour piloter sereinement</li>\r\n \t<li>Gagnez 10h par mois réinvesties dans votre activité</li>\r\n</ul>,SÃ©curitÃ© Fiscale Garantie,<ul>\r\n \t<li>Spécialiste de votre secteur et de vos problématiques</li>\r\n \t<li>Conseil stratégique au-delà du simple bilan</li>\r\n \t<li>Interlocuteur dédié qui comprend votre métier</li>\r\n</ul>,Ãconomies OptimisÃ©es,<ul>\r\n \t<li>Spécialiste de votre secteur et de vos problématiques</li>\r\n \t<li>Conseil stratégique au-delà du simple bilan</li>\r\n \t<li>Interlocuteur dédié qui comprend votre métier</li>\r\n</ul>
expert-comptable-artiste,Expert Comptable Artiste : Audit Fiscal Gratuit & Gestion Simplifiée,default,Gain de temps crÃ©atif,<ul>\r\n \t<li>Automatisation complète de votre saisie comptable</li>\r\n \t<li>Tableaux de bord en temps réel pour piloter sereinement</li>\r\n \t<li>Gagnez 10h par mois réinvesties dans votre activité</li>\r\n</ul>,Ãconomies concrÃ¨tes,<ul>\r\n \t<li>Spécialiste de votre secteur et de vos problématiques</li>\r\n \t<li>Conseil stratégique au-delà du simple bilan</li>\r\n \t<li>Interlocuteur dédié qui comprend votre métier</li>\r\n</ul>,SÃ©rÃ©nitÃ© absolue,<ul>\r\n \t<li>Spécialiste de votre secteur et de vos problématiques</li>\r\n \t<li>Conseil stratégique au-delà du simple bilan</li>\r\n \t<li>Interlocuteur dédié qui comprend votre métier</li>\r\n</ul>
expert-comptable-traiteur,Expert-Comptable pour Traiteur : Optimisez vos Marges | Keobiz,restaurant,10h+ Ã©conomisÃ©es par mois,<ul>\r\n \t<li>Automatisation complète de votre saisie comptable</li>\r\n \t<li>Tableaux de bord en temps réel pour piloter sereinement</li>\r\n \t<li>Gagnez 10h par mois réinvesties dans votre activité</li>\r\n</ul>,Optimisation fiscale,<ul>\r\n \t<li>Spécialiste de votre secteur et de vos problématiques</li>\r\n \t<li>Conseil stratégique au-delà du simple bilan</li>\r\n \t<li>Interlocuteur dédié qui comprend votre métier</li>\r\n</ul>,TrÃ©sorerie maÃ®trisÃ©e,<ul>\r\n \t<li>Spécialiste CHR : nous connaissons vos problématiques</li>\r\n \t<li>Conseil sur l'optimisation des charges sociales</li>\r\n \t<li>Support lors des contrôles URSSAF et hygiène</li>\r\n</ul>
expert-comptable-graphiste-freelance,Expert-Comptable pour Graphiste Freelance : Devis Gratuit | Keobiz,default,Gagnez 8h par mois,<ul>\r\n \t<li>Automatisation complète de votre saisie comptable</li>\r\n \t<li>Tableaux de bord en temps réel pour piloter sereinement</li>\r\n \t<li>Gagnez 10h par mois réinvesties dans votre activité</li>\r\n</ul>,SÃ©curitÃ© fiscale garantie,<ul>\r\n \t<li>Spécialiste de votre secteur et de vos problématiques</li>\r\n \t<li>Conseil stratégique au-delà du simple bilan</li>\r\n \t<li>Interlocuteur dédié qui comprend votre métier</li>\r\n</ul>,Image professionnelle,<ul>\r\n \t<li>Spécialiste de votre secteur et de vos problématiques</li>\r\n \t<li>Conseil stratégique au-delà du simple bilan</li>\r\n \t<li>Interlocuteur dédié qui comprend votre métier</li>\r\n</ul>
expert-comptable-bar,Expert Comptable Bar & Café | Spécialiste CHR - Keobiz,restaurant,Gain de temps rÃ©el,<ul>\r\n \t<li>Automatisation complète de votre saisie comptable</li>\r\n \t<li>Tableaux de bord en temps réel pour piloter sereinement</li>\r\n \t<li>Gagnez 10h par mois réinvesties dans votre activité</li>\r\n</ul>,SÃ©rÃ©nitÃ© absolue,<ul>\r\n \t<li>Spécialiste CHR : nous connaissons vos problématiques</li>\r\n \t<li>Conseil sur l'optimisation des charges sociales</li>\r\n \t<li>Support lors des contrôles URSSAF et hygiène</li>\r\n</ul>,Ãconomies optimisÃ©es,<ul>\r\n \t<li>Optimisation fiscale adaptée à votre secteur</li>\r\n \t<li>Réduction des pénalités grâce à notre suivi proactif</li>\r\n \t<li>Conseil en rémunération pour maximiser votre revenu net</li>\r\n</ul>
expert-comptable-coiffeur,Expert Comptable Coiffeur : Spécialiste Salons & Domicile | Keobiz,artisan,TranquillitÃ© d'esprit totale,<ul>\r\n \t<li>Spécialiste de votre secteur et de vos problématiques</li>\r\n \t<li>Conseil stratégique au-delà du simple bilan</li>\r\n \t<li>Interlocuteur dédié qui comprend votre métier</li>\r\n</ul>,Ãconomies rÃ©elles,"<ul>\r\n \t<li>Nos conseils couvrent souvent le coût de nos honoraires</li>\r\n \t<li>Optimisation fiscale (déductions, frais réels)</li>\r\n \t<li>Réduction des charges sociales grâce à nos stratégies</li>\r\n</ul>",Concentration sur l'artistique,<ul>\r\n \t<li>Spécialiste de votre secteur et de vos problématiques</li>\r\n \t<li>Conseil stratégique au-delà du simple bilan</li>\r\n \t<li>Interlocuteur dédié qui comprend votre métier</li>\r\n</ul>
expert-comptable-boulangerie,Expert Comptable Boulangerie : Optimisez vos Marges & Gagnez du Temps,artisan,Gagnez 10h de production par mois,"<ul>\r\n \t<li>Déléguez 100% de la compta et gagnez 10h par mois</li>\r\n \t<li>Envoyez vos factures en photo, on gère le reste</li>\r\n \t<li>Plus de temps pour vos clients et votre savoir-faire</li>\r\n</ul>",Ãconomies d'impÃ´ts optimisÃ©es,"<ul>\r\n \t<li>Nos conseils couvrent souvent le coût de nos honoraires</li>\r\n \t<li>Optimisation fiscale (déductions, frais réels)</li>\r\n \t<li>Réduction des charges sociales grâce à nos stratégies</li>\r\n</ul>",TrÃ©sorerie anticipÃ©e,<ul>\r\n \t<li>Spécialiste de votre secteur et de vos problématiques</li>\r\n \t<li>Conseil stratégique au-delà du simple bilan</li>\r\n \t<li>Interlocuteur dédié qui comprend votre métier</li>\r\n</ul>
expert-comptable-charpentier,Expert-Comptable Charpentier | Keobiz - Audit & Devis Gratuit,default,Gain de temps massif,<ul>\r\n \t<li>Automatisation complète de votre saisie comptable</li>\r\n \t<li>Tableaux de bord en temps réel pour piloter sereinement</li>\r\n \t<li>Gagnez 10h par mois réinvesties dans votre activité</li>\r\n</ul>,TrÃ©sorerie optimisÃ©e,<ul>\r\n \t<li>Optimisation fiscale adaptée à votre secteur</li>\r\n \t<li>Réduction des pénalités grâce à notre suivi proactif</li>\r\n \t<li>Conseil en rémunération pour maximiser votre revenu net</li>\r\n</ul>,SÃ©rÃ©nitÃ© d'esprit,<ul>\r\n \t<li>Spécialiste de votre secteur et de vos problématiques</li>\r\n \t<li>Conseil stratégique au-delà du simple bilan</li>\r\n \t<li>Interlocuteur dédié qui comprend votre métier</li>\r\n</ul>
expert-comptable-esn,Expert Comptable ESN & Freelance IT - Keobiz | Devis Gratuit,default,Gain de Temps ConsidÃ©rable,<ul>\r\n \t<li>Automatisation complète de votre saisie comptable</li>\r\n \t<li>Tableaux de bord en temps réel pour piloter sereinement</li>\r\n \t<li>Gagnez 10h par mois réinvesties dans votre activité</li>\r\n</ul>,SÃ©rÃ©nitÃ© Absolue,<ul>\r\n \t<li>Spécialiste de votre secteur et de vos problématiques</li>\r\n \t<li>Conseil stratégique au-delà du simple bilan</li>\r\n \t<li>Interlocuteur dédié qui comprend votre métier</li>\r\n</ul>,Ãconomies RÃ©elles,<ul>\r\n \t<li>Spécialiste de votre secteur et de vos problématiques</li>\r\n \t<li>Conseil stratégique au-delà du simple bilan</li>\r\n \t<li>Interlocuteur dédié qui comprend votre métier</li>\r\n</ul>
expert-comptable-bureau-d'étude,Expert-Comptable Bureau d'Étude : Optimisation & Conformité | Keobiz,default,Gain de temps technique,<ul>\r\n \t<li>Automatisation complète de votre saisie comptable</li>\r\n \t<li>Tableaux de bord en temps réel pour piloter sereinement</li>\r\n \t<li>Gagnez 10h par mois réinvesties dans votre activité</li>\r\n</ul>,SÃ©rÃ©nitÃ© fiscale totale,<ul>\r\n \t<li>Spécialiste de votre secteur et de vos problématiques</li>\r\n \t<li>Conseil stratégique au-delà du simple bilan</li>\r\n \t<li>Interlocuteur dédié qui comprend votre métier</li>\r\n</ul>,Ãconomies rÃ©elles,<ul>\r\n \t<li>Spécialiste de votre secteur et de vos problématiques</li>\r\n \t<li>Conseil stratégique au-delà du simple bilan</li>\r\n \t<li>Interlocuteur dédié qui comprend votre métier</li>\r\n</ul>
expert-comptable-sci,"Expert-Comptable SCI : Bilan, Liasse 2072 & Conseils | Keobiz",default,SÃ©curitÃ© Juridique,<ul>\r\n \t<li>Spécialiste de votre secteur et de vos problématiques</li>\r\n \t<li>Conseil stratégique au-delà du simple bilan</li>\r\n \t<li>Interlocuteur dédié qui comprend votre métier</li>\r\n</ul>,Gain de Temps,<ul>\r\n \t<li>Automatisation complète de votre saisie comptable</li>\r\n \t<li>Tableaux de bord en temps réel pour piloter sereinement</li>\r\n \t<li>Gagnez 10h par mois réinvesties dans votre activité</li>\r\n</ul>,Ãconomies d'ImpÃ´ts,<ul>\r\n \t<li>Spécialiste de votre secteur et de vos problématiques</li>\r\n \t<li>Conseil stratégique au-delà du simple bilan</li>\r\n \t<li>Interlocuteur dédié qui comprend votre métier</li>\r\n</ul>
expert-comptable-agence-immobilière,Expert Comptable Agence Immobilière : Audit Gratuit | Keobiz,default,Gain de temps commercial,<ul>\r\n \t<li>Automatisation complète de votre saisie comptable</li>\r\n \t<li>Tableaux de bord en temps réel pour piloter sereinement</li>\r\n \t<li>Gagnez 10h par mois réinvesties dans votre activité</li>\r\n</ul>,Optimisation fiscale,<ul>\r\n \t<li>Spécialiste de votre secteur et de vos problématiques</li>\r\n \t<li>Conseil stratégique au-delà du simple bilan</li>\r\n \t<li>Interlocuteur dédié qui comprend votre métier</li>\r\n</ul>,SÃ©rÃ©nitÃ© totale,<ul>\r\n \t<li>Spécialiste de votre secteur et de vos problématiques</li>\r\n \t<li>Conseil stratégique au-delà du simple bilan</li>\r\n \t<li>Interlocuteur dédié qui comprend votre métier</li>\r\n</ul>
expert-comptable-menuisier,"Expert-comptable Menuisier : Gérez Moins, Gagnez Plus | Keobiz",default,Un expert qui connaÃ®t le mÃ©tier,<ul>\r\n \t<li>Spécialiste de votre secteur et de vos problématiques</li>\r\n \t<li>Conseil stratégique au-delà du simple bilan</li>\r\n \t<li>Interlocuteur dédié qui comprend votre métier</li>\r\n</ul>,Des Ã©conomies rÃ©elles,<ul>\r\n \t<li>Spécialiste de votre secteur et de vos problématiques</li>\r\n \t<li>Conseil stratégique au-delà du simple bilan</li>\r\n \t<li>Interlocuteur dédié qui comprend votre métier</li>\r\n</ul>,RÃ©activitÃ© garantie,<ul>\r\n \t<li>Spécialiste de votre secteur et de vos problématiques</li>\r\n \t<li>Conseil stratégique au-delà du simple bilan</li>\r\n \t<li>Interlocuteur dédié qui comprend votre métier</li>\r\n</ul>
expert-comptable-formateur,Formation Gestion & Compta par Expert-Comptable Formateur | Keobiz,default,SÃ©rÃ©nitÃ© Totale,<ul>\r\n \t<li>Spécialiste de votre secteur et de vos problématiques</li>\r\n \t<li>Conseil stratégique au-delà du simple bilan</li>\r\n \t<li>Interlocuteur dédié qui comprend votre métier</li>\r\n</ul>,Ãconomies ConcrÃ¨tes,<ul>\r\n \t<li>Spécialiste de votre secteur et de vos problématiques</li>\r\n \t<li>Conseil stratégique au-delà du simple bilan</li>\r\n \t<li>Interlocuteur dédié qui comprend votre métier</li>\r\n</ul>,CrÃ©dibilitÃ© Bancaire,<ul>\r\n \t<li>Spécialiste de votre secteur et de vos problématiques</li>\r\n \t<li>Conseil stratégique au-delà du simple bilan</li>\r\n \t<li>Interlocuteur dédié qui comprend votre métier</li>\r\n</ul>
expert-comptable-services-aux-entreprises,Expert Comptable Services aux Entreprises : Devis Gratuit | Keobiz,default,Gagnez jusqu'Ã  10h par mois,<ul>\r\n \t<li>Automatisation complète de votre saisie comptable</li>\r\n \t<li>Tableaux de bord en temps réel pour piloter sereinement</li>\r\n \t<li>Gagnez 10h par mois réinvesties dans votre activité</li>\r\n</ul>,Ãconomisez sur vos charges,<ul>\r\n \t<li>Spécialiste de votre secteur et de vos problématiques</li>\r\n \t<li>Conseil stratégique au-delà du simple bilan</li>\r\n \t<li>Interlocuteur dédié qui comprend votre métier</li>\r\n</ul>,"Tarifs transparents, sans surprise",<ul>\r\n \t<li>Spécialiste de votre secteur et de vos problématiques</li>\r\n \t<li>Conseil stratégique au-delà du simple bilan</li>\r\n \t<li>Interlocuteur dédié qui comprend votre métier</li>\r\n</ul>
expert-comptable-menuisier,Expert-Comptable Menuisier : Comptabilité & Fiscalité Simplifiées | Keobiz,default,Gain de temps atelier,<ul>\r\n \t<li>Automatisation complète de votre saisie comptable</li>\r\n \t<li>Tableaux de bord en temps réel pour piloter sereinement</li>\r\n \t<li>Gagnez 10h par mois réinvesties dans votre activité</li>\r\n</ul>,Ãconomies d'impÃ´ts,<ul>\r\n \t<li>Spécialiste de votre secteur et de vos problématiques</li>\r\n \t<li>Conseil stratégique au-delà du simple bilan</li>\r\n \t<li>Interlocuteur dédié qui comprend votre métier</li>\r\n</ul>,SÃ©rÃ©nitÃ© absolue,<ul>\r\n \t<li>Spécialiste de votre secteur et de vos problématiques</li>\r\n \t<li>Conseil stratégique au-delà du simple bilan</li>\r\n \t<li>Interlocuteur dédié qui comprend votre métier</li>\r\n</ul>
expert-comptable-entreprise-de-nettoyage,Expert Comptable Entreprise de Nettoyage : Devis & Audit Gratuit | Keobiz,default,Gagnez 10h par mois,<ul>\r\n \t<li>Automatisation complète de votre saisie comptable</li>\r\n \t<li>Tableaux de bord en temps réel pour piloter sereinement</li>\r\n \t<li>Gagnez 10h par mois réinvesties dans votre activité</li>\r\n</ul>,SÃ©rÃ©nitÃ© Totale,<ul>\r\n \t<li>Automatisation complète de votre saisie comptable</li>\r\n \t<li>Tableaux de bord en temps réel pour piloter sereinement</li>\r\n \t<li>Gagnez 10h par mois réinvesties dans votre activité</li>\r\n</ul>,RentabilitÃ© AmÃ©liorÃ©e,<ul>\r\n \t<li>Spécialiste de votre secteur et de vos problématiques</li>\r\n \t<li>Conseil stratégique au-delà du simple bilan</li>\r\n \t<li>Interlocuteur dédié qui comprend votre métier</li>\r\n</ul>
expert-comptable-plomberie,Expert-Comptable Plomberie : Spécialiste Artisans | Keobiz,artisan,Gagnez 15h par mois,"<ul>\r\n \t<li>Déléguez 100% de la compta et gagnez 10h par mois</li>\r\n \t<li>Envoyez vos factures en photo, on gère le reste</li>\r\n \t<li>Plus de temps pour vos clients et votre savoir-faire</li>\r\n</ul>",Optimisez vos revenus,"<ul>\r\n \t<li>Nos conseils couvrent souvent le coût de nos honoraires</li>\r\n \t<li>Optimisation fiscale (déductions, frais réels)</li>\r\n \t<li>Réduction des charges sociales grâce à nos stratégies</li>\r\n</ul>",SÃ©curitÃ© anti-contrÃ´le,<ul>\r\n \t<li>Spécialiste de votre secteur et de vos problématiques</li>\r\n \t<li>Conseil stratégique au-delà du simple bilan</li>\r\n \t<li>Interlocuteur dédié qui comprend votre métier</li>\r\n</ul>
expert-comptable-gestion-de-patrimoine,Expert Comptable Gestion de Patrimoine : Audit Gratuit | Keobiz,default,Ãconomies Fiscales RÃ©elles,<ul>\r\n \t<li>Spécialiste de votre secteur et de vos problématiques</li>\r\n \t<li>Conseil stratégique au-delà du simple bilan</li>\r\n \t<li>Interlocuteur dédié qui comprend votre métier</li>\r\n</ul>,Garantie de CompÃ©tence,<ul>\r\n \t<li>Spécialiste de votre secteur et de vos problématiques</li>\r\n \t<li>Conseil stratégique au-delà du simple bilan</li>\r\n \t<li>Interlocuteur dédié qui comprend votre métier</li>\r\n</ul>,Gain de Temps PrÃ©cieux,<ul>\r\n \t<li>Automatisation complète de votre saisie comptable</li>\r\n \t<li>Tableaux de bord en temps réel pour piloter sereinement</li>\r\n \t<li>Gagnez 10h par mois réinvesties dans votre activité</li>\r\n</ul>
expert-comptable-services-aux-entreprises,Expert comptable services aux entreprises : Devis gratuit | Keobiz,default,SÃ©rÃ©nitÃ© totale,<ul>\r\n \t<li>Spécialiste de votre secteur et de vos problématiques</li>\r\n \t<li>Conseil stratégique au-delà du simple bilan</li>\r\n \t<li>Interlocuteur dédié qui comprend votre métier</li>\r\n</ul>,Ãconomies concrÃ¨tes,<ul>\r\n \t<li>Spécialiste de votre secteur et de vos problématiques</li>\r\n \t<li>Conseil stratégique au-delà du simple bilan</li>\r\n \t<li>Interlocuteur dédié qui comprend votre métier</li>\r\n</ul>,SimplicitÃ© d'usage,<ul>\r\n \t<li>Spécialiste de votre secteur et de vos problématiques</li>\r\n \t<li>Conseil stratégique au-delà du simple bilan</li>\r\n \t<li>Interlocuteur dédié qui comprend votre métier</li>\r\n</ul>
expert-comptable-developpeur-freelance,Expert-Comptable & Développeur Freelance : Compta Automatisée & Sûre,informatique,Gain de temps massif,"<ul>\r\n \t<li>Récupérez 10h/mois pour vous concentrer sur vos projets</li>\r\n \t<li>Automatisation complète de la saisie comptable</li>\r\n \t<li>Interface digitale : tout en ligne, zéro paperasse</li>\r\n</ul>",ZÃ©ro erreur humaine,<ul>\r\n \t<li>Spécialiste de votre secteur et de vos problématiques</li>\r\n \t<li>Conseil stratégique au-delà du simple bilan</li>\r\n \t<li>Interlocuteur dédié qui comprend votre métier</li>\r\n</ul>,Un seul interlocuteur,<ul>\r\n \t<li>Spécialiste de votre secteur et de vos problématiques</li>\r\n \t<li>Conseil stratégique au-delà du simple bilan</li>\r\n \t<li>Interlocuteur dédié qui comprend votre métier</li>\r\n</ul>
expert-comptable-électricien,Expert comptable électricien : Spécialiste BTP & Artisans | Keobiz,btp,8h par mois Ã©conomisÃ©es,<ul>\r\n \t<li>Spécialiste de votre secteur et de vos problématiques</li>\r\n \t<li>Conseil stratégique au-delà du simple bilan</li>\r\n \t<li>Interlocuteur dédié qui comprend votre métier</li>\r\n</ul>,ZÃ©ro pÃ©nalitÃ© de retard,<ul>\r\n \t<li>Automatisation de la saisie : envoyez vos factures en photo</li>\r\n \t<li>Suivi de rentabilité par chantier en temps réel</li>\r\n \t<li>Gagnez 10h/mois sur la gestion administrative</li>\r\n</ul>,VisibilitÃ© financiÃ¨re,<ul>\r\n \t<li>Automatisation de la saisie : envoyez vos factures en photo</li>\r\n \t<li>Suivi de rentabilité par chantier en temps réel</li>\r\n \t<li>Gagnez 10h/mois sur la gestion administrative</li>\r\n</ul>
expert-comptable-commerce-de-gros,Expert-comptable Commerce de Gros : +10% Rentabilité & -20h Admin | Keobiz,ecommerce,Gain de temps immÃ©diat,"<ul>\r\n \t<li>Synchronisation automatique Shopify, Amazon, WooCommerce</li>\r\n \t<li>Rapprochement bancaire et TVA automatisés</li>\r\n \t<li>Économisez 15h/mois réinvesties dans le marketing</li>\r\n</ul>",RentabilitÃ© optimisÃ©e,<ul>\r\n \t<li>Spécialiste de votre secteur et de vos problématiques</li>\r\n \t<li>Conseil stratégique au-delà du simple bilan</li>\r\n \t<li>Interlocuteur dédié qui comprend votre métier</li>\r\n</ul>,SÃ©rÃ©nitÃ© fiscale,<ul>\r\n \t<li>Spécialiste de votre secteur et de vos problématiques</li>\r\n \t<li>Conseil stratégique au-delà du simple bilan</li>\r\n \t<li>Interlocuteur dédié qui comprend votre métier</li>\r\n</ul>
expert-comptable-enseignement,Expert-Comptable Enseignement & Formation : Sérénité Fiscale | Keobiz,default,Gagnez 10h par mois,<ul>\r\n \t<li>Automatisation complète de votre saisie comptable</li>\r\n \t<li>Tableaux de bord en temps réel pour piloter sereinement</li>\r\n \t<li>Gagnez 10h par mois réinvesties dans votre activité</li>\r\n</ul>,SÃ©rÃ©nitÃ© absolue,<ul>\r\n \t<li>Spécialiste de votre secteur et de vos problématiques</li>\r\n \t<li>Conseil stratégique au-delà du simple bilan</li>\r\n \t<li>Interlocuteur dédié qui comprend votre métier</li>\r\n</ul>,Optimisation de revenus,<ul>\r\n \t<li>Optimisation fiscale adaptée à votre secteur</li>\r\n \t<li>Réduction des pénalités grâce à notre suivi proactif</li>\r\n \t<li>Conseil en rémunération pour maximiser votre revenu net</li>\r\n</ul>
expert-comptable-courtier-en-assurance,Expert Comptable & Courtier en Assurance : Audit Gratuit | Keobiz,default,Ãconomies Garanties,<ul>\r\n \t<li>Spécialiste de votre secteur et de vos problématiques</li>\r\n \t<li>Conseil stratégique au-delà du simple bilan</li>\r\n \t<li>Interlocuteur dédié qui comprend votre métier</li>\r\n</ul>,ZÃ©ro Charge Mentale,<ul>\r\n \t<li>Spécialiste de votre secteur et de vos problématiques</li>\r\n \t<li>Conseil stratégique au-delà du simple bilan</li>\r\n \t<li>Interlocuteur dédié qui comprend votre métier</li>\r\n</ul>,Protection Sur-Mesure,<ul>\r\n \t<li>Spécialiste de votre secteur et de vos problématiques</li>\r\n \t<li>Conseil stratégique au-delà du simple bilan</li>\r\n \t<li>Interlocuteur dédié qui comprend votre métier</li>\r\n</ul>
expert-comptable-dropshipping,Expert Comptable Dropshipping : Conformité TVA & Optimisation - Keobiz,default,ConformitÃ© BlindÃ©e,<ul>\r\n \t<li>Spécialiste de votre secteur et de vos problématiques</li>\r\n \t<li>Conseil stratégique au-delà du simple bilan</li>\r\n \t<li>Interlocuteur dédié qui comprend votre métier</li>\r\n</ul>,Gain de Temps ImmÃ©diat,<ul>\r\n \t<li>Automatisation complète de votre saisie comptable</li>\r\n \t<li>Tableaux de bord en temps réel pour piloter sereinement</li>\r\n \t<li>Gagnez 10h par mois réinvesties dans votre activité</li>\r\n</ul>,Optimisation du Cashflow,<ul>\r\n \t<li>Spécialiste de votre secteur et de vos problématiques</li>\r\n \t<li>Conseil stratégique au-delà du simple bilan</li>\r\n \t<li>Interlocuteur dédié qui comprend votre métier</li>\r\n</ul>
expert-comptable-automobile,Expert Comptable Automobile : Spécialiste Garage & Vente | Keobiz,default,Ãconomies d'impÃ´ts immÃ©diates,<ul>\r\n \t<li>Spécialiste de votre secteur et de vos problématiques</li>\r\n \t<li>Conseil stratégique au-delà du simple bilan</li>\r\n \t<li>Interlocuteur dédié qui comprend votre métier</li>\r\n</ul>,10h de gagnÃ©es par mois,<ul>\r\n \t<li>Automatisation complète de votre saisie comptable</li>\r\n \t<li>Tableaux de bord en temps réel pour piloter sereinement</li>\r\n \t<li>Gagnez 10h par mois réinvesties dans votre activité</li>\r\n</ul>,SÃ©rÃ©nitÃ© absolue en cas de contrÃ´le,<ul>\r\n \t<li>Spécialiste de votre secteur et de vos problématiques</li>\r\n \t<li>Conseil stratégique au-delà du simple bilan</li>\r\n \t<li>Interlocuteur dédié qui comprend votre métier</li>\r\n</ul>
expert-comptable-agent-commercial-:-optimisez-votre-fiscalité,Expert Comptable Agent Commercial : Optimisez votre Fiscalité | Keobiz,default,Jusqu'Ã  3 000â¬ d'Ã©conomies/an,<ul>\r\n \t<li>Spécialiste de votre secteur et de vos problématiques</li>\r\n \t<li>Conseil stratégique au-delà du simple bilan</li>\r\n \t<li>Interlocuteur dédié qui comprend votre métier</li>\r\n</ul>,10h de gagnÃ©es par mois,<ul>\r\n \t<li>Automatisation complète de votre saisie comptable</li>\r\n \t<li>Tableaux de bord en temps réel pour piloter sereinement</li>\r\n \t<li>Gagnez 10h par mois réinvesties dans votre activité</li>\r\n</ul>,"ZÃ©ro risque, 100% SÃ©rÃ©nitÃ©",<ul>\r\n \t<li>Spécialiste de votre secteur et de vos problématiques</li>\r\n \t<li>Conseil stratégique au-delà du simple bilan</li>\r\n \t<li>Interlocuteur dédié qui comprend votre métier</li>\r\n</ul>
expert-comptable-holding,Expert-Comptable Holding : Audit Gratuit & Optimisation Fiscale | Keobiz,default,Ãconomies d'impÃ´ts maximisÃ©es,<ul>\r\n \t<li>Spécialiste de votre secteur et de vos problématiques</li>\r\n \t<li>Conseil stratégique au-delà du simple bilan</li>\r\n \t<li>Interlocuteur dédié qui comprend votre métier</li>\r\n</ul>,SÃ©curitÃ© juridique totale,<ul>\r\n \t<li>Spécialiste de votre secteur et de vos problématiques</li>\r\n \t<li>Conseil stratégique au-delà du simple bilan</li>\r\n \t<li>Interlocuteur dédié qui comprend votre métier</li>\r\n</ul>,Vision temps rÃ©el,<ul>\r\n \t<li>Automatisation complète de votre saisie comptable</li>\r\n \t<li>Tableaux de bord en temps réel pour piloter sereinement</li>\r\n \t<li>Gagnez 10h par mois réinvesties dans votre activité</li>\r\n</ul>
expert-comptable-consultant,Expert Comptable Consultant : Optimisation & Gestion pour Indépendants | Keobiz,default,Maximisez vos revenus nets,<ul>\r\n \t<li>Spécialiste de votre secteur et de vos problématiques</li>\r\n \t<li>Conseil stratégique au-delà du simple bilan</li>\r\n \t<li>Interlocuteur dédié qui comprend votre métier</li>\r\n</ul>,Gagnez 10h par mois,<ul>\r\n \t<li>Automatisation complète de votre saisie comptable</li>\r\n \t<li>Tableaux de bord en temps réel pour piloter sereinement</li>\r\n \t<li>Gagnez 10h par mois réinvesties dans votre activité</li>\r\n</ul>,SÃ©rÃ©nitÃ© absolue,<ul>\r\n \t<li>Spécialiste de votre secteur et de vos problématiques</li>\r\n \t<li>Conseil stratégique au-delà du simple bilan</li>\r\n \t<li>Interlocuteur dédié qui comprend votre métier</li>\r\n</ul>
expert-comptable-serrurier,Expert Comptable Serrurier : Devis & Diagnostic Gratuit | Keobiz,default,Gain de temps terrain,<ul>\r\n \t<li>Automatisation complète de votre saisie comptable</li>\r\n \t<li>Tableaux de bord en temps réel pour piloter sereinement</li>\r\n \t<li>Gagnez 10h par mois réinvesties dans votre activité</li>\r\n</ul>,Ãconomies rÃ©elles,<ul>\r\n \t<li>Optimisation fiscale adaptée à votre secteur</li>\r\n \t<li>Réduction des pénalités grâce à notre suivi proactif</li>\r\n \t<li>Conseil en rémunération pour maximiser votre revenu net</li>\r\n</ul>,ConformitÃ© totale,<ul>\r\n \t<li>Spécialiste de votre secteur et de vos problématiques</li>\r\n \t<li>Conseil stratégique au-delà du simple bilan</li>\r\n \t<li>Interlocuteur dédié qui comprend votre métier</li>\r\n</ul>
expert-comptable-epicerie,Expert-Comptable Épicerie : Comptabilité & TVA Simplifiées | Keobiz,default,Ãconomies d'impÃ´ts optimisÃ©es,<ul>\r\n \t<li>Spécialiste de votre secteur et de vos problématiques</li>\r\n \t<li>Conseil stratégique au-delà du simple bilan</li>\r\n \t<li>Interlocuteur dédié qui comprend votre métier</li>\r\n</ul>,SÃ©rÃ©nitÃ© totale,<ul>\r\n \t<li>Spécialiste de votre secteur et de vos problématiques</li>\r\n \t<li>Conseil stratégique au-delà du simple bilan</li>\r\n \t<li>Interlocuteur dédié qui comprend votre métier</li>\r\n</ul>,Tarif forfaitaire transparent,<ul>\r\n \t<li>Automatisation complète de votre saisie comptable</li>\r\n \t<li>Tableaux de bord en temps réel pour piloter sereinement</li>\r\n \t<li>Gagnez 10h par mois réinvesties dans votre activité</li>\r\n</ul>
expert-comptable-commerce,Expert Comptable Commerce : Compta Simplifiée & Audit Gratuit | Keobiz,ecommerce,"ZÃ©ro Papier, ZÃ©ro Stress",<ul>\r\n \t<li>Spécialiste de votre secteur et de vos problématiques</li>\r\n \t<li>Conseil stratégique au-delà du simple bilan</li>\r\n \t<li>Interlocuteur dédié qui comprend votre métier</li>\r\n</ul>,Tarifs Forfaitaires Transparents,<ul>\r\n \t<li>Spécialiste de votre secteur et de vos problématiques</li>\r\n \t<li>Conseil stratégique au-delà du simple bilan</li>\r\n \t<li>Interlocuteur dédié qui comprend votre métier</li>\r\n</ul>,ConformitÃ© Garantie,<ul>\r\n \t<li>Spécialiste de votre secteur et de vos problématiques</li>\r\n \t<li>Conseil stratégique au-delà du simple bilan</li>\r\n \t<li>Interlocuteur dédié qui comprend votre métier</li>\r\n</ul>
expert-comptable-boucherie-charcuterie,Expert-Comptable Boucherie Charcuterie - Optimisez vos Marges | Keobiz,default,Plus de Cash en fin de mois,<ul>\r\n \t<li>Optimisation fiscale adaptée à votre secteur</li>\r\n \t<li>Réduction des pénalités grâce à notre suivi proactif</li>\r\n \t<li>Conseil en rémunération pour maximiser votre revenu net</li>\r\n</ul>,SÃ©rÃ©nitÃ© totale face aux contrÃ´les,<ul>\r\n \t<li>Spécialiste de votre secteur et de vos problématiques</li>\r\n \t<li>Conseil stratégique au-delà du simple bilan</li>\r\n \t<li>Interlocuteur dédié qui comprend votre métier</li>\r\n</ul>,Du temps pour votre mÃ©tier,<ul>\r\n \t<li>Automatisation complète de votre saisie comptable</li>\r\n \t<li>Tableaux de bord en temps réel pour piloter sereinement</li>\r\n \t<li>Gagnez 10h par mois réinvesties dans votre activité</li>\r\n</ul>
expert-comptable-medecin-liberal,Expert-Comptable Médecin Libéral : Optimisation Fiscale & Sérénité | Keobiz,default,Optimisation Fiscale ConcrÃ¨te,<ul>\r\n \t<li>Optimisation fiscale adaptée à votre secteur</li>\r\n \t<li>Réduction des pénalités grâce à notre suivi proactif</li>\r\n \t<li>Conseil en rémunération pour maximiser votre revenu net</li>\r\n</ul>,"ZÃ©ro Papier, ZÃ©ro Stress",<ul>\r\n \t<li>Spécialiste de votre secteur et de vos problématiques</li>\r\n \t<li>Conseil stratégique au-delà du simple bilan</li>\r\n \t<li>Interlocuteur dédié qui comprend votre métier</li>\r\n</ul>,Protection Juridique,<ul>\r\n \t<li>Spécialiste de votre secteur et de vos problématiques</li>\r\n \t<li>Conseil stratégique au-delà du simple bilan</li>\r\n \t<li>Interlocuteur dédié qui comprend votre métier</li>\r\n</ul>
expert-comptable-pour-freelance,Expert Comptable pour Freelance : Devis & Diagnostic Gratuit | Keobiz,default,Gagnez jusqu'Ã  10h par mois,<ul>\r\n \t<li>Automatisation complète de votre saisie comptable</li>\r\n \t<li>Tableaux de bord en temps réel pour piloter sereinement</li>\r\n \t<li>Gagnez 10h par mois réinvesties dans votre activité</li>\r\n</ul>,Dormez sur vos deux oreilles,<ul>\r\n \t<li>Spécialiste de votre secteur et de vos problématiques</li>\r\n \t<li>Conseil stratégique au-delà du simple bilan</li>\r\n \t<li>Interlocuteur dédié qui comprend votre métier</li>\r\n</ul>,Maximisez votre rentabilitÃ©,<ul>\r\n \t<li>Optimisation fiscale adaptée à votre secteur</li>\r\n \t<li>Réduction des pénalités grâce à notre suivi proactif</li>\r\n \t<li>Conseil en rémunération pour maximiser votre revenu net</li>\r\n</ul>
expert-comptable-fleuriste,Expert Comptable Fleuriste : Gestion & Fiscalité sur-mesure | Keobiz,default,Gain de temps prÃ©cieux,<ul>\r\n \t<li>Automatisation complète de votre saisie comptable</li>\r\n \t<li>Tableaux de bord en temps réel pour piloter sereinement</li>\r\n \t<li>Gagnez 10h par mois réinvesties dans votre activité</li>\r\n</ul>,SÃ©rÃ©nitÃ© totale,<ul>\r\n \t<li>Spécialiste de votre secteur et de vos problématiques</li>\r\n \t<li>Conseil stratégique au-delà du simple bilan</li>\r\n \t<li>Interlocuteur dédié qui comprend votre métier</li>\r\n</ul>,RentabilitÃ© amÃ©liorÃ©e,<ul>\r\n \t<li>Spécialiste de votre secteur et de vos problématiques</li>\r\n \t<li>Conseil stratégique au-delà du simple bilan</li>\r\n \t<li>Interlocuteur dédié qui comprend votre métier</li>\r\n</ul>
expert-comptable-psychologue,Expert-comptable psychologue : Sérénité financière & Coaching | Keobiz,default,SÃ©rÃ©nitÃ© retrouvÃ©e,<ul>\r\n \t<li>Spécialiste de votre secteur et de vos problématiques</li>\r\n \t<li>Conseil stratégique au-delà du simple bilan</li>\r\n \t<li>Interlocuteur dédié qui comprend votre métier</li>\r\n</ul>,ClartÃ© dÃ©cisionnelle,<ul>\r\n \t<li>Spécialiste de votre secteur et de vos problématiques</li>\r\n \t<li>Conseil stratégique au-delà du simple bilan</li>\r\n \t<li>Interlocuteur dédié qui comprend votre métier</li>\r\n</ul>,SÃ©curitÃ© fiscale,<ul>\r\n \t<li>Spécialiste de votre secteur et de vos problématiques</li>\r\n \t<li>Conseil stratégique au-delà du simple bilan</li>\r\n \t<li>Interlocuteur dédié qui comprend votre métier</li>\r\n</ul>
expert-comptable-transport-de-marchandises,Expert-Comptable Transport de Marchandises : Audit Gratuit | Keobiz,default,Plus de temps au volant,<ul>\r\n \t<li>Automatisation complète de votre saisie comptable</li>\r\n \t<li>Tableaux de bord en temps réel pour piloter sereinement</li>\r\n \t<li>Gagnez 10h par mois réinvesties dans votre activité</li>\r\n</ul>,Ãconomies d'impÃ´ts garanties,<ul>\r\n \t<li>Spécialiste de votre secteur et de vos problématiques</li>\r\n \t<li>Conseil stratégique au-delà du simple bilan</li>\r\n \t<li>Interlocuteur dédié qui comprend votre métier</li>\r\n</ul>,Un expert dÃ©diÃ© qui vous connaÃ®t,<ul>\r\n \t<li>Spécialiste de votre secteur et de vos problématiques</li>\r\n \t<li>Conseil stratégique au-delà du simple bilan</li>\r\n \t<li>Interlocuteur dédié qui comprend votre métier</li>\r\n</ul>
expert-comptable-librairie,Expert Comptable Librairie | Audit Gratuit & Gestion Spécialisée - Keobiz,default,Gagnez 20h par mois,<ul>\r\n \t<li>Automatisation complète de votre saisie comptable</li>\r\n \t<li>Tableaux de bord en temps réel pour piloter sereinement</li>\r\n \t<li>Gagnez 10h par mois réinvesties dans votre activité</li>\r\n</ul>,SÃ©rÃ©nitÃ© Fiscale Absolue,<ul>\r\n \t<li>Spécialiste de votre secteur et de vos problématiques</li>\r\n \t<li>Conseil stratégique au-delà du simple bilan</li>\r\n \t<li>Interlocuteur dédié qui comprend votre métier</li>\r\n</ul>,Un Expert DÃ©diÃ©,<ul>\r\n \t<li>Spécialiste de votre secteur et de vos problématiques</li>\r\n \t<li>Conseil stratégique au-delà du simple bilan</li>\r\n \t<li>Interlocuteur dédié qui comprend votre métier</li>\r\n</ul>
expert-comptable-poissonnerie,Expert Comptable Poissonnerie : Optimisez Marges & Trésorerie | Keobiz,default,SÃ©rÃ©nitÃ© Fiscale Totale,<ul>\r\n \t<li>Spécialiste de votre secteur et de vos problématiques</li>\r\n \t<li>Conseil stratégique au-delà du simple bilan</li>\r\n \t<li>Interlocuteur dédié qui comprend votre métier</li>\r\n</ul>,Meilleure RentabilitÃ©,<ul>\r\n \t<li>Spécialiste de votre secteur et de vos problématiques</li>\r\n \t<li>Conseil stratégique au-delà du simple bilan</li>\r\n \t<li>Interlocuteur dédié qui comprend votre métier</li>\r\n</ul>,Temps RetrouvÃ©,<ul>\r\n \t<li>Automatisation complète de votre saisie comptable</li>\r\n \t<li>Tableaux de bord en temps réel pour piloter sereinement</li>\r\n \t<li>Gagnez 10h par mois réinvesties dans votre activité</li>\r\n</ul>
expert-comptable-salon-de-coiffure,Expert Comptable Salon de Coiffure : Audit Fiscal Gratuit | Keobiz,default,Gain de temps prÃ©cieux,<ul>\r\n \t<li>Automatisation complète de votre saisie comptable</li>\r\n \t<li>Tableaux de bord en temps réel pour piloter sereinement</li>\r\n \t<li>Gagnez 10h par mois réinvesties dans votre activité</li>\r\n</ul>,Ãconomies concrÃ¨tes,<ul>\r\n \t<li>Spécialiste de votre secteur et de vos problématiques</li>\r\n \t<li>Conseil stratégique au-delà du simple bilan</li>\r\n \t<li>Interlocuteur dédié qui comprend votre métier</li>\r\n</ul>,SÃ©rÃ©nitÃ© absolue,<ul>\r\n \t<li>Spécialiste de votre secteur et de vos problématiques</li>\r\n \t<li>Conseil stratégique au-delà du simple bilan</li>\r\n \t<li>Interlocuteur dédié qui comprend votre métier</li>\r\n</ul>
expert-comptable-profession-liberale,Expert Comptable Profession Libérale : Gestion & Optimisation | Keobiz,default,Gain de temps considÃ©rable,<ul>\r\n \t<li>Automatisation complète de votre saisie comptable</li>\r\n \t<li>Tableaux de bord en temps réel pour piloter sereinement</li>\r\n \t<li>Gagnez 10h par mois réinvesties dans votre activité</li>\r\n</ul>,Ãconomies rÃ©elles,<ul>\r\n \t<li>Optimisation fiscale adaptée à votre secteur</li>\r\n \t<li>Réduction des pénalités grâce à notre suivi proactif</li>\r\n \t<li>Conseil en rémunération pour maximiser votre revenu net</li>\r\n</ul>,VisibilitÃ© financiÃ¨re,<ul>\r\n \t<li>Spécialiste de votre secteur et de vos problématiques</li>\r\n \t<li>Conseil stratégique au-delà du simple bilan</li>\r\n \t<li>Interlocuteur dédié qui comprend votre métier</li>\r\n</ul>
expert-comptable-courtier,Expert Comptable Courtier : Optimisez Compta et Financement | Keobiz,default,CrÃ©dibilitÃ© Bancaire Maximale,<ul>\r\n \t<li>Spécialiste de votre secteur et de vos problématiques</li>\r\n \t<li>Conseil stratégique au-delà du simple bilan</li>\r\n \t<li>Interlocuteur dédié qui comprend votre métier</li>\r\n</ul>,Ãconomies ConcrÃ¨tes,<ul>\r\n \t<li>Optimisation fiscale adaptée à votre secteur</li>\r\n \t<li>Réduction des pénalités grâce à notre suivi proactif</li>\r\n \t<li>Conseil en rémunération pour maximiser votre revenu net</li>\r\n</ul>,RÃ©activitÃ© ImmÃ©diate,<ul>\r\n \t<li>Automatisation complète de votre saisie comptable</li>\r\n \t<li>Tableaux de bord en temps réel pour piloter sereinement</li>\r\n \t<li>Gagnez 10h par mois réinvesties dans votre activité</li>\r\n</ul>
expert-comptable-lmnp,Expert Comptable LMNP : Audit Gratuit & Optimisation Fiscale | Keobiz,default,Ãconomisez des milliers d'euros,<ul>\r\n \t<li>Spécialiste de votre secteur et de vos problématiques</li>\r\n \t<li>Conseil stratégique au-delà du simple bilan</li>\r\n \t<li>Interlocuteur dédié qui comprend votre métier</li>\r\n</ul>,Gagnez un temps prÃ©cieux,<ul>\r\n \t<li>Automatisation complète de votre saisie comptable</li>\r\n \t<li>Tableaux de bord en temps réel pour piloter sereinement</li>\r\n \t<li>Gagnez 10h par mois réinvesties dans votre activité</li>\r\n</ul>,Dormez sur vos deux oreilles,<ul>\r\n \t<li>Spécialiste de votre secteur et de vos problématiques</li>\r\n \t<li>Conseil stratégique au-delà du simple bilan</li>\r\n \t<li>Interlocuteur dédié qui comprend votre métier</li>\r\n</ul>
expert-comptable-immobilier,Expert Comptable Immobilier LMNP & SCI - Audit Gratuit | Keobiz,default,Ãconomies concrÃ¨tes,<ul>\r\n \t<li>Spécialiste de votre secteur et de vos problématiques</li>\r\n \t<li>Conseil stratégique au-delà du simple bilan</li>\r\n \t<li>Interlocuteur dédié qui comprend votre métier</li>\r\n</ul>,Gain de temps prÃ©cieux,<ul>\r\n \t<li>Automatisation complète de votre saisie comptable</li>\r\n \t<li>Tableaux de bord en temps réel pour piloter sereinement</li>\r\n \t<li>Gagnez 10h par mois réinvesties dans votre activité</li>\r\n</ul>,SÃ©curitÃ© & ConformitÃ©,<ul>\r\n \t<li>Spécialiste de votre secteur et de vos problématiques</li>\r\n \t<li>Conseil stratégique au-delà du simple bilan</li>\r\n \t<li>Interlocuteur dédié qui comprend votre métier</li>\r\n</ul>
expert-comptable-hotellerie,Expert-Comptable Hôtellerie : Audit & Gestion Optimisée | Keobiz,restaurant,Gain de temps administratif,<ul>\r\n \t<li>Automatisation complète de votre saisie comptable</li>\r\n \t<li>Tableaux de bord en temps réel pour piloter sereinement</li>\r\n \t<li>Gagnez 10h par mois réinvesties dans votre activité</li>\r\n</ul>,TrÃ©sorerie SÃ©curisÃ©e,<ul>\r\n \t<li>Spécialiste CHR : nous connaissons vos problématiques</li>\r\n \t<li>Conseil sur l'optimisation des charges sociales</li>\r\n \t<li>Support lors des contrôles URSSAF et hygiène</li>\r\n</ul>,Ãconomies Fiscales,<ul>\r\n \t<li>Optimisation fiscale adaptée à votre secteur</li>\r\n \t<li>Réduction des pénalités grâce à notre suivi proactif</li>\r\n \t<li>Conseil en rémunération pour maximiser votre revenu net</li>\r\n</ul>
expert-comptable-infirmiere-liberale,Expert Comptable Infirmière Libérale : Bilan Gratuit - Keobiz,default,TranquillitÃ© d'esprit totale,<ul>\r\n \t<li>Spécialiste de votre secteur et de vos problématiques</li>\r\n \t<li>Conseil stratégique au-delà du simple bilan</li>\r\n \t<li>Interlocuteur dédié qui comprend votre métier</li>\r\n</ul>,15 Ã  20h de temps retrouvÃ©,<ul>\r\n \t<li>Automatisation complète de votre saisie comptable</li>\r\n \t<li>Tableaux de bord en temps réel pour piloter sereinement</li>\r\n \t<li>Gagnez 10h par mois réinvesties dans votre activité</li>\r\n</ul>,Jusqu'Ã  5 000â¬ d'Ã©conomies/an,<ul>\r\n \t<li>Spécialiste de votre secteur et de vos problématiques</li>\r\n \t<li>Conseil stratégique au-delà du simple bilan</li>\r\n \t<li>Interlocuteur dédié qui comprend votre métier</li>\r\n</ul>
expert-comptable-vtc,Expert Comptable VTC : Gestion Fiscale Simplifiée & Optimisée | Keobiz,vtc,Plus de temps de conduite,<ul>\r\n \t<li>Automatisation complète de votre saisie comptable</li>\r\n \t<li>Tableaux de bord en temps réel pour piloter sereinement</li>\r\n \t<li>Gagnez 10h par mois réinvesties dans votre activité</li>\r\n</ul>,SÃ©rÃ©nitÃ© totale,<ul>\r\n \t<li>Spécialiste de votre secteur et de vos problématiques</li>\r\n \t<li>Conseil stratégique au-delà du simple bilan</li>\r\n \t<li>Interlocuteur dédié qui comprend votre métier</li>\r\n</ul>,TrÃ©sorerie maÃ®trisÃ©e,"<ul>\r\n \t<li>Expertise sur la récupération de TVA (carburant, péages)</li>\r\n \t<li>Outil de scan de vos notes de frais (essence, entretien)</li>\r\n \t<li>Calcul et optimisation de vos frais kilométriques</li>\r\n</ul>"
expert-comptable-consultant-freelance,Expert Comptable Consultant Freelance : Audit Offert | Keobiz,default,Gagnez 10h par mois,<ul>\r\n \t<li>Automatisation complète de votre saisie comptable</li>\r\n \t<li>Tableaux de bord en temps réel pour piloter sereinement</li>\r\n \t<li>Gagnez 10h par mois réinvesties dans votre activité</li>\r\n</ul>,Ãconomisez sur vos impÃ´ts,<ul>\r\n \t<li>Optimisation fiscale adaptée à votre secteur</li>\r\n \t<li>Réduction des pénalités grâce à notre suivi proactif</li>\r\n \t<li>Conseil en rémunération pour maximiser votre revenu net</li>\r\n</ul>,SÃ©rÃ©nitÃ© Totale,<ul>\r\n \t<li>Spécialiste de votre secteur et de vos problématiques</li>\r\n \t<li>Conseil stratégique au-delà du simple bilan</li>\r\n \t<li>Interlocuteur dédié qui comprend votre métier</li>\r\n</ul>
expert-comptable-hotellerie-et-restauration,Expert-Comptable Hôtellerie & Restauration : Diagnostic Gratuit | Keobiz,restaurant,Ãconomisez jusqu'Ã  15% par an,<ul>\r\n \t<li>Optimisation fiscale adaptée à votre secteur</li>\r\n \t<li>Réduction des pénalités grâce à notre suivi proactif</li>\r\n \t<li>Conseil en rémunération pour maximiser votre revenu net</li>\r\n</ul>,RÃ©ponse sous 24h garantie,<ul>\r\n \t<li>Spécialiste CHR : nous connaissons vos problématiques</li>\r\n \t<li>Conseil sur l'optimisation des charges sociales</li>\r\n \t<li>Support lors des contrôles URSSAF et hygiène</li>\r\n</ul>,SÃ©rÃ©nitÃ© Juridique Totale,<ul>\r\n \t<li>Spécialiste de votre secteur et de vos problématiques</li>\r\n \t<li>Conseil stratégique au-delà du simple bilan</li>\r\n \t<li>Interlocuteur dédié qui comprend votre métier</li>\r\n</ul>
expert-comptable-kinesitherapeute-liberal,Expert-Comptable Kinésithérapeute Libéral | Keobiz Spécialiste Santé,default,Jusqu'Ã  15h par mois libÃ©rÃ©es,<ul>\r\n \t<li>Automatisation complète de votre saisie comptable</li>\r\n \t<li>Tableaux de bord en temps réel pour piloter sereinement</li>\r\n \t<li>Gagnez 10h par mois réinvesties dans votre activité</li>\r\n</ul>,Optimisation de vos revenus nets,<ul>\r\n \t<li>Spécialiste de votre secteur et de vos problématiques</li>\r\n \t<li>Conseil stratégique au-delà du simple bilan</li>\r\n \t<li>Interlocuteur dédié qui comprend votre métier</li>\r\n</ul>,SÃ©rÃ©nitÃ© totale face Ã  l'administration,<ul>\r\n \t<li>Spécialiste de votre secteur et de vos problématiques</li>\r\n \t<li>Conseil stratégique au-delà du simple bilan</li>\r\n \t<li>Interlocuteur dédié qui comprend votre métier</li>\r\n</ul>
expert-comptable-profession-libérale,Expert Comptable Profession Libérale - Keobiz : Fiscalité Optimisée,default,Gagnez du temps mÃ©dical ou facturable,<ul>\r\n \t<li>Automatisation complète de votre saisie comptable</li>\r\n \t<li>Tableaux de bord en temps réel pour piloter sereinement</li>\r\n \t<li>Gagnez 10h par mois réinvesties dans votre activité</li>\r\n</ul>,SÃ©rÃ©nitÃ© et ConformitÃ©,<ul>\r\n \t<li>Automatisation complète de votre saisie comptable</li>\r\n \t<li>Tableaux de bord en temps réel pour piloter sereinement</li>\r\n \t<li>Gagnez 10h par mois réinvesties dans votre activité</li>\r\n</ul>,Forfait clair sans surprise,<ul>\r\n \t<li>Spécialiste de votre secteur et de vos problématiques</li>\r\n \t<li>Conseil stratégique au-delà du simple bilan</li>\r\n \t<li>Interlocuteur dédié qui comprend votre métier</li>\r\n</ul>
expert-comptable-dentiste-liberal,Expert Comptable Dentiste Libéral : Optimisation & Audit Gratuit - Keobiz,default,Gain de temps mÃ©dical,<ul>\r\n \t<li>Automatisation complète de votre saisie comptable</li>\r\n \t<li>Tableaux de bord en temps réel pour piloter sereinement</li>\r\n \t<li>Gagnez 10h par mois réinvesties dans votre activité</li>\r\n</ul>,Ãconomies rÃ©elles,<ul>\r\n \t<li>Optimisation fiscale adaptée à votre secteur</li>\r\n \t<li>Réduction des pénalités grâce à notre suivi proactif</li>\r\n \t<li>Conseil en rémunération pour maximiser votre revenu net</li>\r\n</ul>,SÃ©rÃ©nitÃ© absolue,<ul>\r\n \t<li>Spécialiste de votre secteur et de vos problématiques</li>\r\n \t<li>Conseil stratégique au-delà du simple bilan</li>\r\n \t<li>Interlocuteur dédié qui comprend votre métier</li>\r\n</ul>
expert-comptable-photographe-freelance,Expert-Comptable pour Photographe Freelance : Devis Gratuit | Keobiz,default,Gagnez ~15h par mois,<ul>\r\n \t<li>Automatisation complète de votre saisie comptable</li>\r\n \t<li>Tableaux de bord en temps réel pour piloter sereinement</li>\r\n \t<li>Gagnez 10h par mois réinvesties dans votre activité</li>\r\n</ul>,Ãconomies d'impÃ´ts,<ul>\r\n \t<li>Spécialiste de votre secteur et de vos problématiques</li>\r\n \t<li>Conseil stratégique au-delà du simple bilan</li>\r\n \t<li>Interlocuteur dédié qui comprend votre métier</li>\r\n</ul>,SÃ©rÃ©nitÃ© totale,<ul>\r\n \t<li>Spécialiste de votre secteur et de vos problématiques</li>\r\n \t<li>Conseil stratégique au-delà du simple bilan</li>\r\n \t<li>Interlocuteur dédié qui comprend votre métier</li>\r\n</ul>
expert-comptable-osteopathe-liberal,Expert Comptable Ostéopathe Libéral - Keobiz : Devis & Audit Gratuit,default,Gain de temps mÃ©dical,<ul>\r\n \t<li>Automatisation complète de votre saisie comptable</li>\r\n \t<li>Tableaux de bord en temps réel pour piloter sereinement</li>\r\n \t<li>Gagnez 10h par mois réinvesties dans votre activité</li>\r\n</ul>,Ãconomies concrÃ¨tes,<ul>\r\n \t<li>Spécialiste de votre secteur et de vos problématiques</li>\r\n \t<li>Conseil stratégique au-delà du simple bilan</li>\r\n \t<li>Interlocuteur dédié qui comprend votre métier</li>\r\n</ul>,ZÃ©ro Papier,<ul>\r\n \t<li>Automatisation complète de votre saisie comptable</li>\r\n \t<li>Tableaux de bord en temps réel pour piloter sereinement</li>\r\n \t<li>Gagnez 10h par mois réinvesties dans votre activité</li>\r\n</ul>
expert-comptable-service-à-la-personne,Expert-Comptable Service à la Personne : Conformité & Optimisation - Keobiz,default,Gain de temps immÃ©diat,<ul>\r\n \t<li>Automatisation complète de votre saisie comptable</li>\r\n \t<li>Tableaux de bord en temps réel pour piloter sereinement</li>\r\n \t<li>Gagnez 10h par mois réinvesties dans votre activité</li>\r\n</ul>,Ãconomies rÃ©elles,<ul>\r\n \t<li>Optimisation fiscale adaptée à votre secteur</li>\r\n \t<li>Réduction des pénalités grâce à notre suivi proactif</li>\r\n \t<li>Conseil en rémunération pour maximiser votre revenu net</li>\r\n</ul>,ZÃ©ro papier,<ul>\r\n \t<li>Spécialiste de votre secteur et de vos problématiques</li>\r\n \t<li>Conseil stratégique au-delà du simple bilan</li>\r\n \t<li>Interlocuteur dédié qui comprend votre métier</li>\r\n</ul>
expert-comptable-garage-automobile,Expert Comptable Garage Automobile : Audit Gratuit & Économies | Keobiz,default,Gagnez 10h/mois,<ul>\r\n \t<li>Automatisation complète de votre saisie comptable</li>\r\n \t<li>Tableaux de bord en temps réel pour piloter sereinement</li>\r\n \t<li>Gagnez 10h par mois réinvesties dans votre activité</li>\r\n</ul>,ZÃ©ro PÃ©nalitÃ©,<ul>\r\n \t<li>Spécialiste de votre secteur et de vos problématiques</li>\r\n \t<li>Conseil stratégique au-delà du simple bilan</li>\r\n \t<li>Interlocuteur dédié qui comprend votre métier</li>\r\n</ul>,Ãconomies RÃ©elles,<ul>\r\n \t<li>Optimisation fiscale adaptée à votre secteur</li>\r\n \t<li>Réduction des pénalités grâce à notre suivi proactif</li>\r\n \t<li>Conseil en rémunération pour maximiser votre revenu net</li>\r\n</ul>
expert-comptable-estheticienne,Expert-Comptable Esthéticienne : Spécialiste Instituts & Salons,default,LibertÃ© retrouvÃ©e,<ul>\r\n \t<li>Spécialiste de votre secteur et de vos problématiques</li>\r\n \t<li>Conseil stratégique au-delà du simple bilan</li>\r\n \t<li>Interlocuteur dédié qui comprend votre métier</li>\r\n</ul>,SÃ©curitÃ© garantie,<ul>\r\n \t<li>Spécialiste de votre secteur et de vos problématiques</li>\r\n \t<li>Conseil stratégique au-delà du simple bilan</li>\r\n \t<li>Interlocuteur dédié qui comprend votre métier</li>\r\n</ul>,Conseil dÃ©diÃ©,<ul>\r\n \t<li>Spécialiste de votre secteur et de vos problématiques</li>\r\n \t<li>Conseil stratégique au-delà du simple bilan</li>\r\n \t<li>Interlocuteur dédié qui comprend votre métier</li>\r\n</ul>
